,pressure_bar,feed_flow_m3_h,salinity_g_L,temperature_C,recovery_rate_target,pump_efficiency,erd_efficiency,membrane_condition,SEC_real,SEC_pred
1116,0.8324831994640596,-0.1380012544504572,-0.372107192794563,0.6742532312376374,-0.3034871396927891,0.0925017643082085,0.0373859728504752,0.3832053234172927,3.93002579052418,3.8368042837268828
1368,0.6655680885880282,0.2649538757270815,-0.0908667600339461,-0.1315299316221814,0.0217005174125756,0.3362286973635631,-1.2997503615741957,0.2739111523850067,3.601678349968187,3.791305904176894
422,-1.5523936441119848,1.4563696245600328,-1.344000980735418,0.0834357799889669,0.9573883563277488,-1.5949452690812866,-0.6435119409688596,-0.9997919823652016,3.655238931744744,3.3866226925701683
413,-1.398269579237801,-1.5772598992628648,0.7358359767025459,0.4153184808940247,1.025291199798438,-1.5887625608773426,-0.3958527472162425,-0.2806958865056491,3.414972299509047,3.4414054254379853
451,-0.9804864611271172,-0.645322755342659,-1.4952688062211226,-0.6179404202373775,-1.66613657118934,-0.0669340027155541,-1.5557994149644343,1.535075472934063,4.075723658739063,4.049475497371933
861,0.4856996614751774,-0.2473464412087267,1.721899481978179,1.4885478516001711,-1.7126718479600365,-0.1430061516890828,-1.4852711216340535,-0.014995319063485,4.575854166243293,4.585364111051181
1063,-0.7958064636261513,0.9633637912736536,-1.3930375645327997,0.0386115512239014,-0.5215798684074483,1.4101212492627753,0.6894680446181226,1.2603705698510226,3.049103057200573,3.0202972540308015
741,1.1940460219405546,0.5964788394043502,1.7083343574003973,-0.7930886349111237,-0.378740002587171,-0.7790750342570333,-1.0498585421301017,1.165045142141655,4.336610458954364,4.406788161204779
1272,1.3715123784769696,1.34271501506226,0.6825307268824099,0.1918432126295904,0.6272949905582668,-1.5867414152060464,-1.2964385336590554,0.2539369168331519,4.587879220668931,4.380354817890884
259,-0.8474274367999302,1.5645778429451065,0.7359470373341291,-1.4124509805454877,1.5812115373366282,-0.3354724042196205,-0.7745669301544066,-0.3850809632515172,2.9976081755826445,3.129436520954951
888,1.632733658797631,1.648773688474097,0.846292141475771,-0.1464936554768098,1.707532206199439,-0.7497530619989301,-1.215119918595779,-0.0761004876445138,3.784119304463663,3.8506817353327114
1432,-1.4202159621264168,-1.4214628869416115,0.8118083201866235,-1.148289978287206,-1.38078720913125,0.7008672210860274,-0.5489358486284175,1.1409706648111946,3.5516474126566457,3.4641622053678574
712,0.3307771979432539,-0.1796384416649073,1.625322123589412,-0.066488083100682,1.3747237148473213,1.1325714307403545,-1.4963389752673015,-0.610928641095074,3.1517837163818623,3.190910769784408
1382,1.0095282739014664,0.9474354486330006,-1.2569507979263923,1.2190704889204709,-1.7172157138986417,-0.190628442921781,-0.0286732810362441,0.6960894029232928,4.5461522685570666,4.510375763498521
70,-0.3715044102048818,0.5083258559758211,1.2951568669700926,-1.519581755168464,0.8332416208119504,-0.1825519951153264,1.3795499825050022,-0.1686955299346177,3.273388370175289,3.2022175181127084
1268,1.2024181429433674,0.1652936805889921,0.6899154095081667,0.7978997999220172,-1.1538604953895724,-0.6559337311461492,-1.2712281373193657,0.4523456204780856,4.503865105056874,4.738366484890169
1491,-0.7553652308915904,1.1632724834997716,0.2989523649106061,-0.0195450364835267,-0.7908752234756243,-0.056756063097657,-0.228410666225647,-0.0279639704250123,3.574298026407756,3.637641357290323
607,-1.2970694657468798,-0.642812747985339,-0.406385280129271,0.0169040149751549,1.481664720943028,-1.5025267566863376,0.78620244936159,0.9867776774919352,3.11935487696938,3.239614710584116
433,1.688436231178907,-1.2167982185052026,1.180894100544288,-1.5931116536369694,0.5540708659684083,-0.5020747478853462,-0.0336791141382303,-1.7389562535019207,4.159804217370674,3.9750713973153666
51,0.4711552406149107,1.518219945022091,-1.4001809541279902,1.3366506617265794,-1.328185569069246,-1.0931777417706143,-0.1175728864631093,-0.1634647136838602,4.633612478253824,4.537979604061466
1199,1.1352161483812675,-0.2617270262417114,-0.8205743087804568,0.9783575200668456,0.3608705984736081,0.3336760905265191,0.3871826996233125,-1.4024098570875287,3.492367205789595,3.5967317828223537
1128,-1.2684294320906948,-0.7053234368148406,0.8714416772337592,-0.1832705745573284,-1.185900439006635,-0.0592598406924276,0.5997568188836002,-0.8416414563797422,3.475844796824633,3.5292383905697746
1190,1.1929195560442527,0.714126883731272,-1.2765615929119123,1.2326712173031438,1.61084493132979,-0.1966706899439949,0.3309992281076586,-0.3186936279327185,3.436089353373102,3.4895470359679432
1249,-1.003092254759669,0.8761196107167539,1.1368438258912217,-0.1886875561417728,0.0211602581864854,-0.2011471959774927,1.16454504551372,-0.7958396315247216,3.296623424570784,3.2495010613159736
1419,1.5677624716069185,-0.9909112604616616,0.9566780582268531,0.3984171946434919,0.6523641365263281,1.6893673422222366,1.6713112609290774,0.7057383951477143,2.997489531137079,3.155149187218068
432,1.6098592796614466,0.2441704904912324,-1.4909764464721331,0.2543923791776588,-0.4608186372326758,1.0942403716996951,1.024827249820161,0.635794865714642,3.53503779839481,3.6441491417943195
1452,-0.0133397369265634,1.3675030370776335,-0.9945024976650938,0.2641979632981099,1.3659504900004666,0.1063683168883049,0.6992694777535425,-1.6257859358538524,3.2623777650206827,3.1407111712307247
1470,1.4247372176227342,-1.358000856415926,-1.0992550303850848,0.6013980051572113,-0.6442092086637791,-0.2588986646079128,0.1229951864325099,-0.7558003735066893,4.0295295598952805,4.226188120036506
1234,0.714004735396808,-1.6134001259267436,-0.2301603902748426,1.6135775345791834,1.562364993825173,1.4557853645150045,-1.093222819433027,1.4102836605390268,3.2930330418048905,3.114468057106091
1281,1.5850318440762046,0.1613006272320108,1.093265247771665,-0.9781510497288772,0.4113923336312519,-1.6821267523559913,1.2233619517386205,1.2476749422624591,4.442999228276399,4.276611684353297
1085,-1.1707495188176194,-1.6084650191359449,1.327214448971792,0.6277847869277899,-0.0335444059123445,1.0522053264078337,-0.5073857559926135,1.5269617027118214,3.2342101455047496,3.060935614982464
610,-0.770419068624431,0.0675959278121253,-0.5480006706400927,-1.665373905910274,-0.3951567303403149,0.1475182067093984,1.5755089660504038,-1.5250947905723686,3.3875523531670053,3.2501230566781114
1284,-0.1303030981664491,-0.225318451645816,-0.5665051805568075,1.0402637432514457,-0.6815738720114685,1.3668799741584543,1.2113215524058154,1.156057562155558,3.143615020060735,3.1614077595053267
1041,-0.2256343886238232,-0.1434402076620555,-0.3522294974802045,-1.1200912385801904,-0.7990112465271574,0.0499512685658753,0.1303488207005589,-0.7772034061708619,3.715964428286069,3.6959396667442763
220,1.753756918817339,-0.9852107799138908,-1.4777332035957111,-1.5899107583246468,0.0871843359025613,0.8782272264882643,0.2217164187191533,0.3312247844253872,3.7871338618530888,3.7116209913733353
339,-0.2073145945997554,1.2475640195711992,-1.3012089736336965,-0.517114818105516,-1.459982410516163,-0.1351971791420821,-1.0480251866773245,0.9763318137062804,4.317662839414077,4.164566300130326
423,1.447421792477377,1.500943674333681,1.1566391348288634,-0.4254449894203087,1.58391502589123,1.2352274761268245,1.3004233131658771,-0.6206093860126561,3.197781847372119,3.09356853539838
428,0.198349512933366,-0.0815342304056865,1.5248863753412556,-0.1240066614200438,0.0690054223671606,-1.4600738266759603,-1.249117297283482,1.693375949184954,4.233133147975739,4.210187613281929
1105,0.9110849056708588,1.0707008979616146,-1.6608897236222375,-1.2481390675294417,1.538854457349268,-0.2527756290241936,-1.2792148128775105,0.7584232689067782,3.698350099672129,3.572274745133065
76,0.5773026302546828,1.5295932601018936,0.1823843508467129,-1.4597072489894838,1.419122050443132,1.1813661725362237,-0.4274534123034889,-0.1206939502758209,3.0348963395867328,3.084178353174026
1391,-0.2814518610512527,0.2297792575038713,-1.3561181732053451,-1.0037841133239735,1.3343628260855571,-0.6160844450803948,1.577583566302165,-0.2631963220084952,3.1690897579066446,3.18847628724875
439,-0.3384562583615952,0.5707297300605516,-0.0745991093388733,-1.2363764351535962,0.2449892895630678,1.716245207955902,0.1095733146749793,0.0431030136125341,3.1598210532056106,2.9686494478639056
1336,-0.1319279145687446,-1.550894738998758,-0.2596282550513017,1.3282289872156643,0.8768448882960711,-1.5549960775326097,-1.1330184163112793,-1.1010863781185083,3.896509655721727,3.860055472387795
864,-0.0237851186519945,0.3600748718108374,1.303189120346265,-0.7691111907506722,1.194149436653455,-1.1642900510189045,0.4324480410165798,0.4039380319271595,3.5453817559866274,3.5798925689974013
1080,0.7508163637455975,-1.098521465249167,-1.3888890699393392,0.7838630983511451,-1.3618839459036391,-0.8216805107573192,-0.2153054794558109,0.6336562024523252,4.337141776674852,4.584377031266484
354,-1.5374595843600949,0.0220782401552188,-1.6569213557085507,-0.496703866541415,1.5030001613124702,1.192172646682746,-1.4826574004100206,0.054548900340158,2.720918296505855,2.7146644975439713
365,-0.2456895137999022,0.5669114089748838,0.4116368673913576,-1.2315719923645432,1.364437271002774,0.2905297991034635,-1.5711225383284688,0.2033570879245198,3.088906839703711,3.2633106769590747
309,-0.778306521188028,-0.2109548428669829,-1.3301431301849944,-1.6338317493696135,-1.530788315810777,1.06880565268864,0.1164244905949117,1.0182608002929563,3.4021205469843414,3.477228840202796
736,-1.5932587184044005,1.000696065514032,-0.4829789717208398,0.9095897104517624,-0.5136514556793018,-0.3510550907307483,-1.1911043089429831,0.8201273383865842,3.4136522953018047,3.515451324415452
998,-0.0484533805389424,-0.2930266147869481,-0.8134118358428746,1.6428679243669315,1.5574091530101617,0.8426939060788468,0.7439395548701427,1.0237053881958518,2.922334347400706,2.9204167118724005
621,0.9060150195658494,-0.2932745106278064,0.2457477393345442,0.5343394263987342,-1.0168062069169026,-0.6983595718264886,1.581651197202733,-0.4352215769282299,4.082762201279856,4.169768972533137
543,1.323103836107696,1.4730777355019014,0.4741830125305828,-1.1454324231497697,0.175989432092016,-0.4556766671089815,1.5694623857046608,1.4157130307097587,3.886019372467718,3.809300389930149
1140,0.5956695076346931,-1.5890675739446836,-0.8335966139530042,1.4543187668899649,1.0653587447841852,-0.1727697846261862,-0.1703704333582994,-0.8780815399731783,3.6109111288029183,3.495472476376493
1296,-1.6782351508668438,1.3929792025812051,1.0172930622451133,1.1821749261655756,-1.6329581059268663,0.1025374663499876,1.1117985792816845,0.8298180115276975,3.553348731936921,3.4406729276013768
554,0.4001493885943413,-0.2509091459299743,-1.08708596418947,0.7346488554692246,0.7291374881070357,-0.76131334708778,0.8160397264562975,-0.1220250163575843,3.7324992872802656,3.606732640205475
679,-0.5447784171717978,1.543145354415919,-0.1828133570422896,-1.261311415906572,-0.7691443904529089,-1.2201931612328851,-0.2991090730710405,-1.2422950354854976,4.208533550586475,4.062851286993107
49,-0.7826769030934226,-1.6721504380707015,0.3631836308874216,0.8284264280108671,-0.6558093821858363,0.0143660528731614,0.2944700676360544,-1.3877176081203797,3.5316282100718737,3.5230761421108463
490,1.5258729376812403,0.271492481003547,-0.7280218614887364,-0.3435994233229029,1.33536276194051,-1.4633335567242889,0.0312776805837609,0.0252678449086618,4.165355525567023,4.03599059748582
316,1.197622807150332,-0.4185956096208348,0.7239407846069343,0.7123745717236784,-1.6913871778063012,-0.4685530791928266,0.2696986068891319,-0.8161973460795473,4.651949163862473,4.698414421347321
904,-0.7898323978239826,-1.3790225373355194,-0.1963087305406796,0.4861198084121794,-0.8284433695116902,-1.410306167790501,-0.2151609362918214,-1.2130736337408867,4.1498529418544345,4.09484240790226
636,-0.7632512999334106,-1.307002779668866,1.4599169850281872,1.5706261856568378,-0.8160716862400842,0.0773503455941852,1.566876733862499,0.27407648919336,3.363073195817534,3.4172247247361125
560,-1.4720119684622694,-1.5125759000043366,1.3919322801270069,0.951049804776186,1.277886306461393,0.5683052397856901,1.3575701755933325,1.3518489499946147,2.639473482486387,2.6566898193269135
486,-1.1499863076696342,-1.618591832296031,1.1537171558435284,-1.0672534114565382,-1.3302662106152885,-1.1977434615434224,1.270329554371493,-1.5754158834175995,3.914163427593493,3.891498896046594
67,0.3112515200485632,-0.3959494018154672,1.1402619560022509,1.3776814639448738,-0.8265603186862172,-0.7399375880410162,-0.3100441162267022,1.656517808408296,4.243052417866873,4.194155503530343
811,0.1559785435391887,-0.6610668686582256,-1.3331151550148304,0.4089712660418567,-1.213971568098761,0.1903192929355191,-0.9118990003731868,1.1024143090780747,4.000844040744453,4.040403712582414
493,-1.4021666184656036,1.6346215739507153,-1.6474117773607533,-0.3151970879522444,0.0091184730449671,-0.3664619846482562,1.5151651424242196,-0.1376544102499504,3.229262101617968,3.1272140849674086
310,0.5879109336636298,-1.6125929081468031,-1.5746791590734313,-1.009100815718256,1.3036921489782851,-1.1690365569134036,-1.325918027100886,-0.1333610548149025,3.892309497284039,3.80921469241825
1096,-1.3999857528298156,-0.2708372523485306,0.4226618337365345,0.9480707716951324,0.84272665395685,1.1276087579638838,0.1279222153173291,-0.2750205124928957,2.7748574170163804,2.75366989894187
1247,1.4333707838450445,0.3623449147577659,0.7210640109203433,0.3533279686671282,0.9506792940339092,-1.5186219747258876,-0.6327477174403326,1.1011287563833536,4.2021821340749055,4.22146538818029
184,-0.9635965517569391,1.36590200852991,-0.467289111983849,-1.0105617502044844,1.0348188753230387,1.3272057377478588,-0.4156020598809574,-0.9833541383370394,2.686448459488992,2.794923281979009
306,-1.0384887162260124,-0.933085522069234,-0.2694472421158066,-0.3766659055197845,0.2436887572305913,-0.0822582681698344,-0.5090906293774639,-0.9871058172064692,3.391567556033172,3.3226218254602764
852,0.1659850443863732,1.2948393648323808,0.2751660487243498,0.3336209971913129,0.4991340594965081,0.4896947408540043,-0.1453922067596102,0.4683420519446644,3.4677965229940493,3.3584082913542965
792,1.1433520957643275,1.2870910908358273,-1.003724782654271,-1.494637917757699,0.889716288091039,-0.583846800228887,-0.0333969205004924,1.190438951382444,3.7157957006008018,3.783453467218328
289,1.6683783919418145,0.2390780189666817,-0.5063582658849838,0.538133202261795,-1.2361904014701242,-0.9203153417954064,-0.0780589625169037,0.1285823041622006,4.951618329718656,4.8627158306087495
706,1.3355388067167036,-1.0179159234692206,0.1203471943083898,0.5734749943130332,0.7925769871594174,1.702691958942628,-1.2890167105626942,0.9166550391220586,3.496605341018047,3.380876579218883
1329,0.0888415909392651,0.3210153870504731,1.1074094250060704,-0.3789879229950847,-0.8807630262415743,1.6176735524178236,-0.2803778738788786,-1.0615628693973305,3.295722571893754,3.413717465852779
654,0.8228700989093943,0.2264393109421967,-1.6081767862418388,-0.6315323796841467,-0.9023104134226876,1.6823821232170113,0.3777379251470161,1.3661392150644394,3.420844339869859,3.4686194641729347
522,-0.3688453746296724,0.1594301493638724,0.9722985691594382,-1.3167031966402885,-0.4166112789748961,0.5341433065295498,0.8418530484523794,1.6962276436543746,3.441107034685552,3.3393265127895178
461,-1.7047082131912754,0.6096958423811105,0.6016686801460033,-0.8386004813654491,1.0098326366267585,-0.8733517622781308,-1.3326550734191616,1.2122642379036013,3.1757602751656773,3.2735380573326287
930,1.604461726453906,0.1478094969267666,1.0017253732492657,-0.6983177057215275,0.5619644687358719,0.0262813876841669,0.3050355680986351,0.8388770100637585,3.954717748564151,3.7892593051017656
1034,-0.9657230728426628,-1.4518443569242576,0.0861091009362741,1.4942444387923102,0.319770781930093,-1.6279572480272355,-1.6716075631708591,1.665892378874529,3.623065307193116,3.8391719691888295
29,1.637135732614069,-0.913111636024992,0.0191605294180141,-1.5712782233656384,1.7041528827122654,0.1165711920355255,-0.210431683367253,-0.3358184502445894,3.675399441387123,3.5467304086156948
240,-1.3716571142282117,1.6429988108256404,0.6516026305887784,0.4578788152181184,1.5057805563536102,0.5149207512573237,0.8309135486960768,-0.3784179819800786,2.8022900331604355,2.711890559895273
798,0.6407976463154342,-1.0244170045739007,1.3311651943947598,0.6680824052375861,0.5924564950122992,0.2670562293478236,0.7277125553257868,0.8080857131392813,3.385180331797274,3.424986660172634
817,0.2437097675962729,0.6192360516861547,-1.5070083222125192,-1.0835154571803458,-0.8220285739904911,-1.4942940710312174,-0.0098136886858656,1.5917849893881244,4.564316713500248,4.404016494707562
65,0.5545326610046984,0.6967102330545827,1.510871045669166,-0.9502928109186208,1.446408068845184,-1.2501848770884882,0.6791028772484834,0.2701300340699292,3.407445962670377,3.650094123777626
601,0.035748207882112,-1.553507333339483,0.9400613056494576,0.8850333333449005,1.2489587723874795,-0.0834438384764517,0.4365630609150963,0.5495944612783065,3.5197472795697338,3.259634291416973
924,1.47169122139243,0.5684426809518314,-0.5455696947855374,-1.1687869894324852,0.8063263866441935,0.4098803704362723,-1.3700484831498418,0.5541684161961072,3.741073274924446,3.7571201631206494
754,1.0111590132408066,1.6279684620678982,0.5288464684946541,-0.1923478734837644,-1.6812625602603777,-0.3671181844097214,1.5788804970458656,-0.8683243252480891,4.1508777951613824,4.333349109268932
926,-1.144039135255975,1.089748987739628,0.3572845936488999,0.6171790857289371,0.8284501425863378,1.626936719384138,1.203069389380231,0.5034008953312175,2.689002939700025,2.61373806778575
1101,1.2639266976547392,0.7002076228124027,1.741124359014187,-0.7846994178023312,0.7061732835038066,1.660855144504492,-0.0364662501796052,-1.5574700336457437,3.254930153441282,3.2613142094393632
247,-0.0229127026060523,-1.0368155825834886,0.5737090098511277,0.7868141793888581,0.0422057603130868,1.2709883162315272,-1.219990174705985,-0.5650758252490412,3.3841004709298232,3.340240484919054
277,-1.3537820942171372,-0.6727530227152693,1.258234591329353,0.8133385063921601,1.5893186279508007,0.2122331867834272,0.0524609208176492,-1.6679428317707163,2.798174346982247,2.81326423561894
1402,1.5781626862374485,0.4111655094867608,-1.0719163800582048,1.4174910197434345,0.233645976593756,0.4671398597616482,-1.4721636926022803,1.1917983733908704,4.050764917379294,3.9267530955335146
1066,1.6922529148069303,-1.532854736676676,1.042974138928077,0.0130739356010688,-0.5689837661536378,0.7393919338058025,-0.5985990952876352,-1.5857189817693509,3.852911856456036,4.032368234745298
479,0.1770418615886758,0.1364993584428586,-0.1175563150867718,-0.7398066788797042,-0.2936857554668117,-0.4074997312992797,-1.4945196434378736,0.5615691561608653,4.039917050627979,4.0051907043159485
426,0.6160797651561485,0.8501110767192639,0.8666715191632606,-0.6204337675220893,1.516984188144347,-0.0864097061734365,-1.1857446278979678,-1.283207120273215,3.491619641044188,3.471304602062101
123,0.6718693854141506,-1.1864027552381702,-0.5904179362174224,-1.411386352596426,-1.3246691572712592,-0.1289199065341872,-1.6115817224037774,-1.541633087814085,4.501068948636446,4.425236936534957
1169,-1.048645427073148,-0.4001855394454645,-1.3221115191015274,1.1730789661089704,-1.3125655104930765,-1.2378096833993832,-1.369577470778129,-0.6699344284582485,4.135370174208364,4.320457640753795
394,0.0860350823886585,1.1074992402486248,-1.7361434350301257,-1.3335137360601677,0.2102160888494778,0.7407482069215904,0.3418047048659949,1.0181280133574486,3.2858086381102902,3.2749475898922986
985,1.54815838120252,0.1121407285005017,0.6686965110100995,1.3872308608256751,0.0959865597152444,-0.4397189436714043,1.4284325938333768,1.2702834661295546,4.014662453030238,3.902624963528413
715,0.8091466366094854,-0.212810093601667,0.5410056494686993,1.6115086152532023,-0.6425232695691722,-0.9011175210137682,-0.6000886680779169,-0.8918968878205443,4.228174309045727,4.375840590604528
1134,-0.3297854059385506,-0.2130710067640801,-0.3412822234300764,-0.2199885772696135,0.0867430308160549,-0.330623680833419,-1.047918622238446,-1.2909269955581713,3.798638797971136,3.6632459531807116
1084,-0.5030706438489758,1.398879185173802,0.8078433687934632,1.2280782577167169,0.0638262814570631,-0.990413764912843,0.707382085066297,-1.0474743842561431,3.583166587190797,3.603946255149211
497,1.3976253848686244,1.60889018131794,-1.584904799278275,-1.1496199761896448,-0.7199757278597329,-0.9776564991523282,1.0945782901489125,0.8137691832100945,4.309908867822987,4.350981583621222
44,-0.6545154493951649,-0.3161937322323096,0.8441460289774728,-1.1436612919206115,-1.0175883602409967,0.8008189051031432,0.9423183757069696,-1.130248837795203,3.366189065180052,3.3507670173294826
59,0.2189260524603738,1.2913246093267772,0.5799749342937378,-0.539568464558295,-1.4241290199469332,0.4707590805820794,1.701921027963541,1.3156003023775489,3.8147433316228105,3.696688958679034
1161,1.106153007222538,-1.1362565270542675,-0.3506569303533168,-0.4504788586230432,0.1431781613832889,-0.8362641173836354,-0.2490908840118114,-1.5135810005762969,4.019904440375812,4.092522491822365
23,1.3131577038945383,-1.009505579619594,0.7993067191726083,-0.0521617195694908,-0.1043146974305482,1.3213253237989846,-0.986248023499114,0.2244711207641169,3.649768638863077,3.6727849890740605
874,0.9414943452202352,0.532764979955225,1.1571075241942188,-1.484125776577546,-0.267623278956448,1.1746473934170294,0.1595910321722725,-1.153626195269506,3.490359843072337,3.522109592459754
481,-1.574424378230186,0.1580736760571269,0.9174429031979782,-0.5560552111101893,-1.4420771395977263,-1.0446392271671163,-1.6147859434341394,1.1698041835112245,4.061276033545236,4.109378958943358
1324,0.6893365679810697,-0.9330399023522724,0.0252361345792062,1.7311501093300528,-1.4299375728025912,-1.096183986455815,-0.98792259926564,-1.3573122335174368,4.827963106701713,4.7995344018156505
745,0.1002959009886788,-0.0351560988254557,-0.0535870798946641,0.2467641604568411,-1.4457669977957404,1.3311415396683663,0.0927439756115937,-1.399039713455794,3.7940754596065007,3.6028148213341145
231,0.8472185583996269,-0.8006937033274574,0.4053109200166497,0.7208049437097387,0.4709016286589262,0.1312721650862708,1.664474597912934,1.5288367533473324,3.614869975514863,3.427781799590569
124,-0.44397798825751,-1.5916509696497352,0.5255296405479766,0.3555240400992544,-0.0816164233618972,1.5461916919432372,-1.1153515191027223,-0.9391254318735346,3.2140179583406203,3.205763428100808
427,-0.9443024720987044,-1.036979564998295,0.0028306026145938,1.6432121426930797,0.9423890005277086,0.4475211342911139,-1.3481968059976173,-1.2488840327152175,2.893978975192021,3.1091042535609597
818,0.7278365355222219,0.760926446890886,0.5653246404317714,-0.700223284918209,-1.6675849917900027,0.0474221740640433,-0.3002990113971183,-0.1948271314656917,4.715163711679294,4.410392353305112
168,-0.1310353120642448,-1.0769889090491804,1.4652096838736457,-1.1412174503419654,0.0431883901655363,-0.9088268006606994,-1.2276046046739986,-1.4481446644001603,3.95903435464358,3.9121238701128207
115,-1.335121151124622,-1.162032348105346,-1.0652658505005168,0.5521697519845864,-0.0286738238821141,1.6789068955775008,-1.5852318601784252,-0.3041587598866674,2.9447130868092537,3.004519783309265
1088,-1.0551471738674851,1.3850525311935862,-0.9559603612552988,-1.654945771780583,1.5273581968811565,-0.6777389077916779,-0.3843744842701654,-1.4866605637454229,3.331371736397089,3.0826895792327904
986,0.452920980185281,-1.2914110647528847,-1.2794968964288025,-1.6769634850078432,1.2442990062662092,-0.0782089400016956,1.3523304262146862,-0.2201858705082308,3.3044532874293457,3.2706682637760394
1395,-0.523903617946701,0.1418786232517731,1.355595436048147,-1.1248273524227912,-0.4002031134459254,-1.3664290848925118,1.6447265916988452,0.056433618184507,4.009446632667964,3.796645902449461
1424,-0.9417371663749642,0.0261464909833038,0.4941534088195525,1.1924386005864038,0.5229844326171135,1.4631901582485636,-0.1446393111277614,0.5280463266489388,2.906883843071085,2.858797230337558
415,-0.4912532968768032,1.189664799900276,-0.5170278203227888,0.6547011800402299,-1.2923874457503106,-0.1520781032939357,-0.7084983605056935,-0.4907384648019673,4.097755181680092,4.000000207173464
141,0.9023017008135888,-1.0533799062333444,-1.4307499917289674,-1.2306585764335116,0.850755191808078,1.3750827061554765,1.19363877890537,-1.279850878877238,3.1089144629508296,3.109892839959667
1233,0.06698138389505,-0.9170639416694126,-0.3910723315369356,1.7146828978210351,0.4447531483014448,1.208744188193242,-0.4610445908268073,-0.1896555885234374,3.1364952471723604,3.1806902782774205
1293,1.245057970307149,-1.6022477907179065,1.1307667785412543,0.6204594680311051,-0.809526329489596,-0.861590125912383,-0.0930983496235312,0.4201904110662454,4.453147553644764,4.523587748576842
762,-1.415310857393543,1.2653451379401042,0.1388084545346075,1.2454125750167904,0.8782748437568173,-1.5096687350604705,0.0298224540010147,-1.3379977256213422,3.3995804768210864,3.3672736105503325
1206,0.3315794715182097,1.6611700839511852,0.595107604638971,0.8494308479294018,-1.1723576167406655,-1.382419312059229,1.1573380612152024,-1.2160698598574646,4.41501128056644,4.3454277709728135
462,-1.6463722218349,-0.4260023060620352,-0.4412854365525401,0.4890148977275782,0.4302683856132388,-0.6830133730428347,-0.4767691301400711,-0.0688305830618666,3.2067465902129784,3.2719996855526925
1243,-0.9236153467280503,-1.730201296638663,0.338650479596031,1.3605534148100589,0.794546472172853,0.844434089680177,1.1778079250664857,0.6530302151397158,2.819717503742026,2.8263313921656192
78,0.6301071329127379,1.1350797633746434,-1.7203063226005169,-0.0520488779840275,-1.4064862309118566,0.1446637840651863,-0.0034901255145917,1.2524359657016306,4.226830668461762,4.120314110283619
1004,-1.4749765285753986,-1.309498862909277,-1.58467001742532,-0.9536404585889392,-0.8527516134460175,0.2865708041461872,-1.313369810948531,0.1974367814800596,3.354264272425136,3.503562898235421
1490,0.5709559896930912,-1.7258544431176692,-0.1425242831082021,0.2077201291195268,1.3158779019685856,1.5149437039179363,-0.9450700611807183,1.2582858772610852,3.063087897116671,3.1085450650967155
571,0.5217378935153718,-0.2449478332720522,0.279698399410156,-0.9247145253706152,1.339044415646992,-0.6462125192060374,0.276366726531782,1.0570491728509166,3.4970128199083224,3.531085794493612
15,-1.464801937628903,1.048955479243716,1.5150783831163477,0.5918091843297625,1.5415001900020355,-1.5207417797854668,-0.7966792075000612,1.6381679419793147,3.462592481008443,3.3190079586462553
494,-1.689675497306634,0.2471030471031942,0.760544087471088,0.7833006982012238,1.6383339198795694,0.7526139345451505,0.8267511352878665,-1.3193418359159124,2.5211406444949698,2.564482764776009
350,1.7269845698606632,0.2900402022478843,1.6778511407649117,1.4563221425814017,0.2995255813701449,-0.1333810194552603,-1.2053994461212607,-1.6804264557538389,4.072964234964274,4.094049675566666
999,0.9579104012640516,0.6734244664114288,-0.9277646508862292,-0.1064775363421877,-1.093863489857421,1.4296639554249246,-1.0524716838572492,-0.4775865859014404,3.812779503553072,3.8339617098448557
274,0.9023252358516388,-1.0779649479525903,-1.534202329501167,-0.5558506930853315,-0.8584760934075257,1.2413909443057405,-0.6650224125721493,1.1264403450998992,3.566784565512035,3.7458134804960728
1191,0.5289538664895324,0.7643652535917824,-0.2518033938507191,0.9568940246294192,-0.1109616125631397,-0.3097039470051537,1.2037457377557712,-0.7997935158611147,3.571796087012974,3.664613449084891
271,0.5474608833871561,-0.1440698352303,-0.8142316079407265,1.5779358909397718,1.224965262107685,0.9004861200917835,-1.3538178924399062,0.6856425616177748,3.164172593022381,3.2939771721560773
1473,-1.2041159088689135,0.3633689028828606,-0.9896892869080124,1.2139839708684743,-1.701322495633096,1.0216319896201858,-0.9914632344918736,-1.445715723877809,3.495073850007021,3.6204533242138335
237,-1.0089315693771228,1.3271983411276804,-0.6552407021788187,-0.0712383667410421,-1.410077759428027,-1.7033779360486718,0.3649836713459971,0.5499325020185206,4.2377977866277465,4.288079798494975
585,1.0798320849458365,-1.2750027199884144,-1.7239038285401935,1.538271606846104,1.1371615550647445,1.5473220341754843,1.503377714373129,1.0139916010798673,2.971322000037676,3.0159040247714506
1312,-0.6986634768005187,-0.8445256940426997,-0.8954292945165733,-0.7143687456998754,1.1094064845904876,-0.6435568752940102,-0.8335520550558281,1.0722853972395134,3.449516783095057,3.368713752083354
694,-1.5281890571569732,-1.4748784605926006,-0.1737014631989851,-0.6911572738621367,-1.1897900038799891,1.0480936302077877,-0.8250769332195297,1.5187565502908775,3.4311423923817075,3.320394930212128
1001,-0.670313616200488,0.4933525549302012,-0.7856765775754745,0.9725804890673084,-0.2507329317882998,0.4024633366780229,-0.0768128545876027,-0.2099234834447813,3.4284908586912684,3.340167361370854
322,0.3146723969970544,0.0576233464502044,-0.0355335591218227,1.0264631786972147,-0.6769364149084393,-1.4688533861972706,1.1317943337004828,-0.7316951725502295,4.153676474901416,4.200816853304506
782,1.5884775670000038,0.965920531100931,0.7808306366192299,-1.0033757485496166,-0.5515102913646821,-0.0584960035396602,-0.2175410882727221,0.8727618730381017,4.00569672541255,4.229189895220292
1358,-1.5823616932425395,1.2969598504574993,-1.4081731292874258,1.580482520698384,-1.032831977501344,-0.8006349336146715,1.0491569611755258,1.0990745381013698,3.644441810893848,3.5107291682490067
1203,0.5259805223264067,0.2762757807052152,-1.4947135046866522,0.6162281849038349,1.3839324606212906,-1.6593614200758555,-1.1078381157227737,-0.2191906485167898,3.9396882588412128,3.904628100195967
970,-1.1234709498833542,1.5848710397267514,-1.3872005804357064,0.2826933612574589,-1.1347341081489788,0.6797968868016242,-0.3639645662601771,-1.4977880361627285,3.273132294328915,3.4516618793197096
1466,0.6818016306177839,-0.0499913645871679,0.1158902477126523,-1.624852401208696,0.0042874451086651,1.1659322044353893,1.462819931461023,1.5246177998298092,3.1118930995728453,3.247736266231867
526,-0.2440245235238481,0.0031009045441928,-0.2690037679974855,0.63107887199026,1.444598207071064,0.0447107705952177,0.7171920759721859,0.4668879457795711,3.025842302687829,3.098517114775215
1425,0.0421838428440088,-1.3847984791284156,1.5464220236379165,-1.6579948019749395,-1.2032439416703813,1.0327456773748551,-1.498691808457976,-0.9220350704627368,3.879490983162682,3.822080210760722
1170,0.9601323794477028,0.969067585515376,-1.6484544632898546,1.4414994358002684,0.1664455174107273,0.4334878076975252,-0.6673939002258342,-0.1285102845016986,3.7237940427774814,3.7002660844252913
175,-0.2175056195288656,0.1521280952420534,-1.184688997042585,0.6198941931990651,0.8135179609106062,-1.3075594871328606,-1.712464082413806,-1.524312434579978,3.9058584649720807,3.8217433270922556
358,1.4492048965718811,-1.0462878831616118,-1.405812166921601,1.52552405195535,0.0811239661761612,0.3638813185941743,-0.1851365689974632,0.7627710341148566,3.7977972784502456,3.820631652918109
43,-1.7095600718398374,1.2682541442508888,-0.8914254421924421,-1.1401804722153814,-0.7815708026579083,-1.4604938633988689,1.220221407254748,1.5255880339257228,3.6342074999569016,3.6095584520868997
416,0.0898412637219277,-0.1118750011549637,-1.6852442518708246,1.0695597419661875,-0.2574861035600722,0.7952868334981366,-1.0727384422107922,-1.301316737883782,3.6497842328903336,3.5496934200819954
344,-1.5224395149144194,1.6895188313478569,1.37237312507333,1.445752953455715,-1.1508299248103993,0.0771912750454528,-0.3640265480629023,-0.6825590358101582,3.695541890132732,3.504789951657547
1026,1.5429864736454184,0.3572029974813221,-1.4334273418210866,-0.1716313387759069,-0.1978090955175378,-1.465267251594195,-1.448430623998632,-0.6496820226608686,4.582688614763879,4.733512371766301
1401,1.117480558420462,-1.216292009800041,-0.8979623803721811,-0.4355726263812946,0.2556976997527319,-0.8664838584459519,-0.9815780862314236,1.4234362299721288,4.18233783716721,4.164176852088652
101,-0.1816754027660169,-1.3979463235606042,-1.5788647626865453,-1.6067975299161918,-0.1381472289455352,-0.1890969694421169,-0.1232766859719787,1.1470154261835173,3.60590553321192,3.634576097870997
107,-0.5198748038211922,-0.5368698797387258,0.3287751989207275,-1.1449003940987157,1.62947890577915,0.9380647866290724,-1.5429582561916704,-0.7070374198435154,3.0467141373401785,2.988420657016537
1489,0.1109163589861788,1.1653851688602956,-0.50842660362885,-0.9790915973969476,1.419587738276977,-0.802105076327428,0.8241818244092806,0.8013681847827041,3.343804190915303,3.388775709559129
1052,-0.1958461305790188,0.0561716377786648,1.0989354089406678,1.6098725310848807,-0.3997400252945589,1.4613238205428574,1.1465622649418643,1.6980945093916868,3.0749974203126165,3.0902580214003366
964,-0.8104250752379717,-1.0951759280199884,1.1540606047481117,-0.4649579801125016,-0.4154748995379345,-0.7172873934707724,1.027790583028381,0.0924127234902382,3.645574695766793,3.577458912545856
380,0.2713978727309576,1.3659696475063516,0.80284250498788,0.624360308441575,-0.4794057949172678,1.3093038739431553,-0.5522678554265823,0.4722359328995354,3.3296868106023627,3.4553496224974527
244,-0.9482949791195192,-0.1309854728365895,1.39097919696837,0.3710104271050414,-0.075899125736577,0.4171189720617472,-0.5671368283220154,-0.6026178328678056,3.23825420761901,3.303165424204982
1099,1.2749515602848511,0.5597709950350235,0.9556212267727636,1.7230603151482058,0.5573296651707202,-0.6441059049707667,-0.0984017082100556,1.6993864908992884,3.8808486446161305,3.940134860023554
500,0.2762026583172341,0.2910528985431541,1.0223530661947289,-1.6853369084018552,0.2328156316820415,-0.9477219338579352,-0.5702905291656961,1.6217903061449652,3.832987664996992,3.9378743065356483
700,-1.2932495498889955,1.2903224803217836,-0.3008761678936444,-1.5929568155212683,1.7399923447095125,-1.490195472614044,-0.2939324604119702,-0.9127808603505394,3.3332223209755645,3.200286849059906
128,1.279517042598148,-1.1893181451932957,-1.122195688564393,1.4455340061134192,-0.4817344116597128,1.4417051166292223,-0.638610760589614,1.3038441273491197,3.5602829577443327,3.6655039591558216
239,1.4842563593142242,-0.9615297987225369,0.8758158913139547,0.2149217759195387,1.5154752451653204,-1.4410836317311937,-1.1352471035018237,-1.1394770608576998,4.327893979058684,4.054793751312727
1114,0.0680665821691012,0.0277101527862504,-1.578336529080297,-0.007570842217596,-1.3851284778313206,-1.3428138861322283,0.8993136175042146,1.3809323119440982,4.4447549054041495,4.374123899664445
682,0.0319841395540396,-1.5719270598744064,0.9085333001587976,0.6222959384630959,-1.686117976194379,-1.7081909951320189,0.9157755155626068,-0.629482677520737,4.652825459319296,4.673285977689019
482,-0.4545783672492529,-0.8520002816098934,-0.6806209536147778,-0.9146037257507668,-1.5047099615945367,-1.735254498946596,1.1000777865745184,-0.6063541075016836,4.251416236690451,4.396188603002779
1305,-0.6105799733714342,0.9508262189232506,-1.4140846986066782,-0.9598645721974584,0.6775324199159444,1.5407666349559574,1.4160957194399475,-1.000484217332226,2.7241281557333323,2.7382268283326643
275,-0.3996487915214561,-0.301297417674351,0.5518461913450675,-0.1799008921527979,-1.6070967492020891,1.0445031487982317,-0.3491241603089763,0.2690395883124322,3.680564261342131,3.6823132654367225
582,-0.0293871751948779,-0.4418005240833828,-1.2611408297824178,0.1624039017039937,0.4859016651331244,1.4285950227349904,1.2234476872458986,0.1331756025921972,2.967645478583361,2.9413024890251527
203,1.5787108724498635,0.7275950992295886,0.6176699631208348,1.7304958603402123,-0.0162977623588466,-0.4310730470070193,-1.1494017383820525,-0.7028703991115471,4.228493663539428,4.2635902855789
32,0.0931295744095424,-0.0325706043739799,0.4809374255606832,-0.3474143727549195,1.7348226804087188,0.2654106050648103,-1.4246468960165843,-1.65819468036371,3.094932173573761,3.2266769766808774
1319,-0.976742078222521,0.3039989573417717,-0.313374061542142,-0.4161635804072323,-0.0637356684251372,0.0904863185795094,1.5448713125298603,-1.5550657196364068,3.076948275769491,3.15005502808927
813,-0.7124503666253638,-0.416159025611557,0.280260128362817,0.7071689003071457,-0.6125520883814755,0.8234781548874484,-1.5861122775331429,0.3829819776154529,3.4879009380533303,3.5098093934102623
997,0.776149313522795,0.0575166674781102,1.528456141380053,-1.2445847270010144,0.3850969895809381,-1.6178269387812068,-1.3017469843461944,0.0441095297752548,4.357348813931436,4.320202705757238
381,0.296484816165531,1.262381465759753,1.1215795708313767,1.3487670739521085,-1.7050776693158824,0.21833480851033,-0.7451135811583117,-0.3687147994551403,4.439892289708492,4.283519566048646
1073,0.8109400293937974,-0.0607073440765946,-1.3763968236931083,1.5338159158843463,-1.201897340692614,0.0155424348117597,-1.0485326181873016,-0.2381384090224093,4.469385214825143,4.33598482458461
1348,0.6878073690777441,0.8561701155456679,0.0956368148685732,-1.4760443202205624,1.4830942132232638,0.4697389607465418,0.073947361546057,-0.607972588513591,3.285772657415762,3.236809886981662
578,-0.5825528103178195,0.4446678653294316,1.666532951920383,-1.1878868808509164,1.565711320941852,0.57094751473509,-0.494890040395929,-0.6681725390429416,2.964371907220797,2.9779229294425167
887,0.7337762637289468,-1.642353827587967,1.104389591536999,-0.5949778367788614,-1.7196020423028555,1.3450911732925863,1.1306150190719215,-0.5704448860427472,3.7191552958029375,3.762543392202819
1325,-0.664860815752535,0.6050392344097453,1.4989830157297117,1.2260767328257478,0.7729783318246964,-8.29714208193904e-05,-1.6962116731703922,-0.2384612031478604,3.38579640955826,3.382505662497103
1326,0.1440037070324614,-1.2408289815335016,1.6997290736171486,-0.4354880292732113,0.682029982030441,1.3081817777875095,0.1548385593386076,0.885923545075669,3.018463645216584,3.071901648407965
941,-0.4172009892179629,-0.4032192363057678,-0.096193270289521,0.6482060830781906,-0.7210713099121135,1.6715455583124927,1.3637289438606286,0.9145117269825176,3.095892984930778,3.023965072634652
163,0.4536790885225641,0.3803707030235499,-0.0280871984363218,-0.0767666042929912,0.0421925784587874,-1.1485805939466054,1.2381141937895068,-0.195310796312184,3.9287801026709457,3.8897045459485375
909,-0.2982647867244247,1.373978812192799,-0.6736970727851369,0.7502538663776172,0.7192663351862061,-0.3146635397462457,0.382914565999519,0.1244175182385015,3.574174863646391,3.347911204293467
297,0.562853627778975,-0.0436716926225438,1.1891854861112672,-0.8333425222249282,-1.3837014686999094,-1.480399721446921,0.7217495782214449,-1.1586257165986955,4.669095598231219,4.66053425239447
755,-1.338493934992322,0.652179332721929,0.9376861218047526,-0.4301239356324817,-0.3598102394464333,-1.2028779594366037,-1.0072562784098666,0.3221164543295935,3.7214069255588034,3.783292950727432
405,-0.4550519106340244,-1.037458966618167,0.8820462528388321,0.829384800908727,-0.5184878802474837,-0.7699904121017349,-1.7345807299589515,-1.0066999664195675,3.953251633121003,4.031406116771769
968,-0.0871295304996383,-0.583292073123723,-1.2240372612406711,0.1731841049687743,1.3652486616112334,-0.1274469635253591,-0.3909877782040702,-1.4952380772974572,3.2166682582014534,3.276288457002613
605,1.2728080940214224,0.5812426306450647,0.2306410046626064,1.3420388784126795,0.7093855025301717,-0.5043714359885453,0.3082372627780264,-1.158684562191415,3.8868300749050735,3.808308790144137
420,-0.8454581758569931,-0.756770042362342,-0.2237033876454816,-0.3119836383589386,-0.5055709621349914,-1.126911049737464,0.4942825930193914,-1.3529644562032432,3.820974908701885,3.7729714127879697
464,0.8729461003584554,-0.959502448776142,0.8800474421043003,-1.6126788654984985,0.8002758459083014,1.1446250518844665,0.5974809914899695,-0.2284866769185659,3.070691413719182,3.231201409054579
1187,-1.3090737067471776,-0.2198298664320488,-1.3985945337324686,-0.8336818704983557,1.6679847830317975,-0.7018625052968689,0.1459576443436751,-0.2519373116234056,2.99525987341944,3.016379771197053
939,0.5181170582738199,-1.04923065194809,0.5684987753560496,-0.1239351037076856,-1.362274401389089,0.7199258435683417,0.4001947456547183,1.584820412544588,3.877143615362181,3.834615850529354
192,-1.120351401474098,0.5083840841923382,1.1565285166870216,0.5907684311498015,-1.6851591542284348,0.569640896513121,-1.1453092163128051,-0.8872981091679474,3.7782249787002353,3.7930046996117928
674,1.4481067749701373,0.9429883844641656,-1.58554266170359,0.3966026169950309,0.2471387408814758,-1.2169738486936572,-1.4166701054779296,-1.734111390342252,4.41791089606651,4.401629021928201
351,-1.5598368890893632,1.037392192841597,-1.039792958340322,-0.6024487671842498,1.0911659784613588,0.0531429829326154,-1.6526249217783229,0.7407336426881714,2.8667013922854987,3.0541889907974107
858,0.0598495902797789,1.322928583917755,-0.9145010772918658,-1.4059188195999066,-1.6057831870236794,0.1105262409488942,0.901760344236573,1.4386067596402452,3.846104423083261,3.925381616127473
63,1.1830381924817344,-1.52211958380491,0.9094502808723096,-0.5209868437690928,0.6989713729787171,-1.00229315958736,1.704490301438483,-0.1608616515578569,3.878753853589454,3.796108065538728
1173,-0.3262651741996766,0.6493258063271836,-1.2321530626056292,1.367237993575109,-0.6483077817679613,1.3175579317502055,0.456292749152451,-1.4916189679887344,3.2100411874965777,3.2105611354574886
765,0.0957517007285433,-1.7386189528006055,-1.0554566868940607,0.9280391580700768,0.4944260556474267,-0.2839242742143928,-0.6883942250875857,-0.069726395327196,3.778366819339823,3.6102406669542404
1440,-1.1136305599072396,0.5832504681762793,1.412015836824305,-0.2414735868840717,1.133547823764243,-0.962879179838639,-0.1899582605544572,1.6557225395444406,3.220774159577888,3.3209517392915346
261,0.9287977777627474,0.7792622750927064,-0.3994631692683411,-1.71052112833946,1.3171452733854931,-1.7217272737784524,0.134446221948822,-0.3623066149833962,4.001974474832712,3.926695424100053
342,-0.0543025238283487,1.6596013972732218,0.997454160427596,1.0190543166304964,-1.6667993868712752,-0.6604972505457049,-1.141324425597342,1.519089808359766,4.729187566063671,4.499851844587037
1220,-0.6703560194681575,-0.6978116442688413,1.4541220326501247,-0.8703469863805132,-1.260948057895816,-0.3269910673204397,1.1984035093424352,0.0608625234343082,3.789678235527481,3.7294695802446554
471,-0.3287250401106163,0.0623213009927026,0.7470447650250397,-0.9428520501859488,-1.1863846286885422,0.355454074197773,-0.7064751184328187,-0.0800757561596771,3.9075403116242753,3.8215689504734214
1334,-0.7484847443078622,1.27316234155427,1.6671708207430331,-0.6169852923629191,0.7900671815747804,1.4440611068177478,-0.3152700225896727,-0.4469504300115535,2.820955949544501,2.86158434660303
198,0.1927923152639328,0.7298466425422808,-1.4093919460126332,-1.5573191327907383,1.2275310743319194,0.4818390963792101,1.5933942228748434,1.5444392553331578,3.1123806879370584,3.054081647498004
1231,-0.0787389530127398,-0.4498705677933407,-0.3722140945540088,-0.8340955556340851,1.5507018552065543,1.6333336939252747,1.0386995422662233,1.181672473211981,2.78180741587006,2.713590041599847
917,0.3267237879964164,-0.0362780887051735,1.2250520465692532,0.9089185579078574,0.8876383550852714,1.101936675425942,0.5862262578908946,-0.965349426565502,3.032477129571181,3.0791484463870433
743,-0.3099192334735592,0.6129102108892636,-0.4283162549376022,1.1120400680794218,0.3180157759075954,-0.2659478303628658,-0.1126957351057305,0.7516294711082253,3.385324877164672,3.4778777485212733
570,-1.6886743755496998,-1.2686740275592758,1.0406125199643672,1.653765556091866,-0.9232800374753292,-1.6405283666226418,-0.0867513881504869,0.2102009799642819,3.8316824174634094,3.887493971171814
218,0.8661122250788209,-0.58915550945895,1.1999660013163718,-0.9743282199285308,0.4216258569292305,0.6329910234285782,1.6264581438536747,0.0843469364455764,3.45009842275582,3.3220349767406834
453,0.5546706408004599,0.7544161936366174,-1.3945277192795449,1.270428338859746,1.036312305657234,0.9215547294562956,-0.126699233021917,0.458061943582274,3.2002447548911928,3.2055255404114757
30,0.6785992999830399,0.6595480638008177,1.396685811973641,-1.6040742177554017,-0.9849352255369248,0.0812661853238981,-0.3067825410178784,-0.7116770160407229,4.142611690289195,4.073204516085581
56,0.3708132083962913,0.8544179175161172,-1.026203639030618,-0.2755928950270032,-0.0319025327769851,0.4785139180195833,-0.76183095721404,-1.3340195384502358,3.650598825014971,3.607396740223195
1210,-1.2292188866407554,0.34836394898825,-1.2378529139565593,0.4264136193275762,-1.6826652946267435,-0.1099897684257442,-0.3240817181436482,0.4131625299831394,3.821587229439033,3.8536223607367126
1385,0.6228118895343845,-1.4633019332847788,0.4498134901750498,1.6153478744729677,0.6970101027968874,-1.1566719393929394,0.9306690073796122,0.6950716785323209,3.856009228346501,3.786002233753934
1065,-1.6018135622385343,1.593270342016775,1.2625642286047087,-0.3937011758499493,-0.9101756455941492,0.5387304809917048,-1.6053817280214997,-0.5028921752906705,3.3945658613848124,3.4469100242111685
430,-1.3704754780285917,1.406581788491993,1.175481823504926,-1.515263546146807,0.9190648165194236,-0.969846848166964,-1.1404761866425428,0.4265865281235791,3.313838538819186,3.371026719163568
724,-0.1939586404968968,0.0562658034922389,-1.3601378443843375,-0.2678963675695617,0.8736784824027714,0.3824209690182089,0.5442411956849762,-0.9482793517814828,3.0561246231773382,3.144844207072013
1144,0.2946181484271538,1.671212907862102,-0.895606442633093,-0.2168643965791628,-0.7608523831127079,1.1198599859606824,0.388898496023251,0.5877176107130814,3.366976959242614,3.4487548944645963
1005,0.7330846280855723,-0.3036681619051657,-1.618969460323645,0.7275490875963015,-0.7027192890369851,-0.0355979823902346,1.1021687436804433,1.140868046800361,3.849196813652669,3.8179721872280257
1050,-1.0275613461361603,1.249191453973025,-1.5480522088779318,-1.1443284807732697,-0.5208043252817399,-0.600871116809238,0.356742473419064,-1.1082121071169702,3.570261985931212,3.549053969216597
1345,-0.3338656973641905,0.9487608394891648,-0.6750177623567513,-0.5159334688789072,-0.1366156833155601,-0.967762863923994,1.094918226139759,1.700772805338792,3.582616032716144,3.6886007105455163
1236,1.6893003678974408,0.3756307781306783,1.5185520528112757,0.0063849202517136,1.4592510352366037,1.4311746512306658,0.7748785778919551,-0.2646057955930925,3.162664860297444,3.1826242627211347
1235,1.1791888901587708,-0.1157661158269358,-1.6616710672153814,0.1623740115670076,-1.6247860085136971,1.438972737555161,0.9512425214749584,-0.1898647672449526,3.872832943895352,3.7687440750190118
1448,-1.2580910974421335,-1.0004650362824936,-0.5468065534678526,0.5609732707767746,1.62756570382325,-1.505652965502908,0.7286995657242438,-0.331450767720074,3.199361283764357,3.22161803712893
620,-0.9086705720322092,-0.7153676175725345,-0.2706015480380189,0.4819969253812705,-1.2029070538390676,0.1288179053610784,1.0658869271424476,-0.6516435663438531,3.486658873936465,3.5121985532594455
1067,-0.5279265045512768,-0.4953040464132598,-0.9311240654635256,-0.6538322903849054,-0.4911650725176689,-0.2237098144645626,-0.3672942452969999,-0.5833749959463272,3.916336661925191,3.673779196377319
838,-1.4799739696346226,-0.7384936851651377,-1.536889320921193,1.1575111157681055,-1.113129609948554,1.2852010121059434,0.8467049112978415,-0.883426336479902,2.894489188749643,3.0392557658527557
99,0.6922504965230224,-0.5996719933890302,-1.5715936868907951,-0.7257690965300553,0.4562499702677065,-1.4379561218971435,-0.3287627970732852,0.8222736179716303,4.186589467454848,4.107897574705639
532,-1.6432052193494864,-1.205789968421325,-0.159592122912737,-0.7393485926453861,-1.4238010757824595,-0.2527192154409308,1.305442466001884,1.101926377307103,3.306338297770365,3.4646395199355644
528,1.4993787282286262,1.385502423144921,0.0873199312921739,0.4609293429919903,0.7860379948056749,1.4722202642865228,-0.8398160378347881,1.5083529948147791,3.5335315915869736,3.410047646312615
1346,-1.5437934956944752,-0.6302215135003433,0.2756712544029959,-0.0700434628370018,-0.7656395038583927,1.1276838292511566,1.1283281103394742,1.0185199999175096,2.8470575855240816,2.9654401959935197
1172,0.1584227306266756,-0.0814281506367153,-1.1838169695109004,-0.8739177989231992,0.9141415566457258,-1.041567105912854,1.0924915219879023,-1.594431649894685,3.445819438562042,3.5396495033384023
1178,0.4556958931412003,-0.7777635035776304,-1.5275022822670257,1.6511237423211895,-0.7967791392340884,-0.5329143517503809,-1.3837946675466732,0.4098024121873321,4.673193769560335,4.290800720676913
629,1.397738444615734,1.2611403168932367,0.2053741407928239,1.588887330737503,-0.8069874690690958,0.1516129440687104,-1.1242449937036711,-0.6409125198844631,4.151119492561511,4.306468187276861
1027,-0.8474019268894619,-1.5858955529291796,-0.1713069856440813,-1.2418345694335169,-1.369747989387022,1.0764056263077415,-1.694277711715017,1.4352010727203108,3.777181002943539,3.641986307045964
270,-1.698494496249366,-0.9454674945034092,1.0688490262285029,-0.3338472608259898,-0.7932984435541705,-0.2975005960249743,0.1716144589514379,0.4719195442706901,3.468597624658884,3.410921169431727
1341,0.5031739822512129,1.6994640645534107,-1.596709519576743,-0.6332351489416871,0.666805005788584,-1.0445572982786406,1.5808241324101966,1.7143705131533038,3.600423938818253,3.6415131491867103
626,-0.0631021051041547,1.4958913695759746,1.553076701359534,-0.0399105908844198,1.596847794861871,-1.3793862435257347,-0.0607779616356798,0.850584773951462,3.5006948632929373,3.543742470456101
1042,0.71800115600965,1.4141971831026248,-0.8073501096868309,-0.5075564662454116,1.620785148281154,-0.9746928645004216,0.2595564246290224,-0.9304128425623516,3.56001463139546,3.561313461806171
976,1.4213390058858892,0.8668822815255951,-0.1621397215348335,1.4081546238173848,1.574515432614354,-0.6527486180460677,0.4466815224403739,0.0370491005327979,3.747652480266139,3.6687612870301005
371,0.7860218942272459,-1.4028415463120838,1.0016549141944473,0.9351949791883228,1.4492298430098285,1.0226651971592993,0.2417402052074237,0.2082225492764477,3.2977851199041166,3.1356536764443272
588,-0.3257062655760093,0.92091602984351,-0.7462100687496295,-0.6909119366832012,1.3530032333474613,-1.695115462208992,1.688241795441766,-0.1401560470151264,3.454594924805236,3.4677109979694025
967,-0.993661595975644,-0.5457260424504039,-1.6589063931818837,-0.5345114140302113,1.1458648318271614,-1.2430539242917835,-1.2234429611880528,0.3397902566807838,3.412270076304896,3.4510713222109204
1165,-1.1394011277317433,-0.8647058721178102,-0.9265570787714534,0.3212565889269301,1.3305127529348668,1.6626943027951613,1.4458273940658777,-1.3572419607765456,2.6066365548714687,2.5150200049897493
1146,-0.9097742607879934,0.164292241416472,-0.3199494966631805,0.0374207030599729,1.172554994196237,0.1679637999578759,-0.8127787547662427,1.5848101281147886,3.28038128392359,3.107000138403865
236,1.1656041947359403,-0.8740000043666658,-0.1520408356102034,0.9745754887276205,0.9541243426368122,-1.5179989254625463,0.651317236349946,-0.6170417393417609,3.874298204918791,4.001273451217179
596,0.9815633845084388,0.8420235479285455,0.0683749993914829,-0.2227017460641524,1.623475499040711,-1.014825664867992,-1.5286610250693076,-0.5255628549654348,3.681043953721287,3.8185838454495022
962,-1.5302396482753984,-1.2047738961092764,-1.1861353872627818,-1.4727429775645071,-1.1040055797540196,-0.0592451534795375,-0.1878557648973826,1.217689481976206,3.394352660027496,3.5190351522489194
1445,0.3447970308503252,1.6888932070618587,0.8380512394920346,-1.121376604723613,0.4671418907583747,0.6981809994716524,-1.133702042045246,-0.930916043856841,3.5524255938345384,3.444573305737124
1163,-0.6110843966806295,1.490300378709394,0.8591808117183817,-1.2543280886060255,0.7489642924034743,-1.7053354824428328,-1.6251440932843213,-1.008975998923488,4.210291103999904,3.814055530360743
590,0.4079767074939049,1.2320691137375264,-0.3753796536965294,-1.1247057430073637,0.8820984403923235,0.8233803385574422,0.0710279504681688,-1.1671918622635755,3.140806922719122,3.2063479787274693
208,0.7501841699530388,0.9913854458584878,0.6882391956508662,-0.8214532973579044,-0.8873279930625702,-0.7107090979732903,0.8890725560746544,0.6813498970740984,4.10272581146729,4.198556380711617
1074,0.179456943302017,1.440680002185852,0.5013368562854562,1.2892748232502398,1.3137065482250532,1.6370052947858305,1.445603493275689,0.983928219406692,2.76993819597566,2.7794544025241565
899,0.2083428156074712,-0.4050162642756185,-0.0324275351355935,1.599863215907536,1.2462012880810278,-1.2973656821242532,0.5079407963616343,1.3084434146127373,3.5329197202410785,3.631378485244447
353,1.0385152651524678,0.5770356758143126,-0.5306092866280618,1.4130469887563732,0.5460219974400532,-0.4834166700961386,1.6697767104085606,1.277116152288344,3.620754985472272,3.623045639177703
58,0.2211517128753481,0.2882469586811311,-1.5333791741185343,1.7100244981372383,0.7805399181036593,-1.059841791290022,0.4361528959211567,-1.2367303496938948,3.7834699410296473,3.659889946284291
303,-0.6429082534174806,1.1491577349564353,1.222876656777942,0.2819090883165657,-1.5042443011472002,0.6623980950850562,-0.4531543441294695,-0.6053299516913121,3.734568107441636,3.726780149835435
1447,0.2720520658015387,1.6883425566265615,0.3990101152930616,-1.1234049770364456,-1.134359706788406,-0.4370729602697408,1.513464502116886,-0.9939923336253418,3.9319940518022016,3.927810141136128
843,0.780311030895055,-1.2043827101648166,-1.4054954610505788,-0.5662297662123292,0.3780926512135029,0.0425667954950466,0.1273361185687441,0.2139633704262852,3.453399987544912,3.6404215396486275
1261,0.9317713682893576,-1.3959167741051692,0.734768224981081,0.7138372768434668,0.0634249070497512,0.7955990091805252,0.7857080764075376,-1.572947514362844,3.164930537113821,3.459979612457631
1430,0.8960956852183936,1.252565693954823,1.4642698159408538,-0.997860393018418,0.4050491250218578,-1.412478930362304,-0.1280494813564665,0.9869280566423936,4.294241782300218,4.155478983646431
1209,-0.4860272142793331,-0.9140926102296084,1.3337348079843856,0.7607194880328065,0.9364435649112536,0.2464810364514832,-1.5167539962377017,0.3333406710745739,3.4092562982976427,3.3127846250500106
367,-0.1959277321106611,0.4968743114542351,0.7211663942527152,1.682932070884556,-0.51168586182834,-1.0683376216058944,1.13493059220258,1.2175065992157756,3.895607151936291,3.856482107945232
1357,-1.3634667590147886,0.0210633485853539,0.3664377755363887,0.7158346944481855,-0.9649563895949718,-0.4023662948491127,-1.25222170541558,0.05888286343069,3.840660363859152,3.759698684479496
1197,-1.593586599127951,-0.2930489446317838,0.1583829740021231,-1.671822126635139,-0.889397597907919,0.6385605413143076,1.4505602282512493,-0.1233099033020817,3.118839509046498,3.0859970831514736
1304,-0.0856885903016459,0.1019405236171467,0.2153643892517452,-0.6454090472031289,-0.1170924313065115,1.295946774320382,-0.4875156663652978,-0.0036591405153482,3.230304903812597,3.2769935840033635
1232,1.465428314997775,0.6012199523676895,-0.6006615900870559,-1.436589107939865,1.324870333121711,-0.2658192542455621,0.697429273481733,-0.957174173777818,3.713021368898542,3.581838691343179
704,0.8980511703310521,0.5332295141893489,-0.424965297153939,1.4261656436093644,1.182337462845162,1.3600723160228674,1.0074630676036922,-0.8809939770325866,3.1928989935931984,3.0541251511551955
233,-0.929767572637879,-1.2398770276790931,-1.299151904705114,0.2029917847626343,-0.2321907601093219,1.5254676051359384,0.4358847989583689,1.7281912984111518,3.0180991775955874,2.9462858133395966
618,-0.3047284972890254,-0.3927108216419983,0.0473373809680758,-0.5343767996160135,-1.430299751009381,1.7103292186687251,1.434426296376399,-1.2331069256853913,3.382218717890877,3.2325721467238346
196,-0.3848833644860926,0.7751175996824259,1.3997785412634904,0.1635161926558888,-0.1032831541143165,-0.0677000627711045,1.724032794496696,-1.0329815396243534,3.2310501334204407,3.3374886132569346
1259,0.7290098616684815,-0.3695200614253698,-0.5045750688689328,-0.5324215537480405,1.211602485607415,0.4490870981748599,-1.4905083553375709,0.1721951691800367,3.145607895371145,3.4762536089937663
81,1.1722972224169077,-0.9021336710614456,0.629983625520142,1.1160382510398763,1.6924781691230173,-0.4982486835453604,1.4365150395543322,0.5921905082727938,3.385610218648114,3.444257053600423
1404,-0.2504705679805634,-0.2595373365514153,0.5403060574598361,0.0371987816353521,-1.7147062449410682,0.9096629603555202,-0.8371533117773109,-1.2538176211743322,3.827557739874567,3.8960841294437314
597,0.6221451552051984,0.9041072171540416,-1.6576142447976705,-0.5828207155525262,1.1703261579789204,1.521204888354,0.7863216377783941,1.4346077885878614,3.0598248252142564,2.9701609769655133
1156,-0.1720884813358247,-0.333069707205939,0.7593022351684866,1.2846551801069197,-0.5391328099026581,-0.3245052118588223,-0.7636638768868944,1.0604311825069823,3.846742489402229,3.8604619705588097
111,-0.1398000119513262,-1.6822323534699724,1.037624414806779,1.0863167817492732,-1.4514220586791051,1.672547709799175,-0.2017545550904257,-0.8925483779019381,3.567596774570865,3.5182109972045015
1276,-0.8500123790122694,-1.0667357248505402,0.6840190317308262,-1.1106137919585857,-0.7514751372443053,-0.1044368250920281,-0.4096810449693725,-0.4765859428698272,3.516307468269291,3.637692435990829
780,-1.0785178276468348,-0.3736965179118105,0.0757330775863043,1.02129887664097,0.9793730383166698,0.8309105792876609,0.4978573598302039,0.6546557056060914,2.7393162103793136,2.827742701391325
983,0.5380445933794982,-0.4464370652864937,-1.0452038017109837,1.093314028858458,0.0905240795420557,-1.2138248284985669,1.086952819563629,1.661140173276392,3.6423587607294654,3.920924243380681
799,-0.5360052046787738,-0.0554824781478431,-1.1676918411547823,-1.0073335330484368,-0.0116653204111439,-0.1697706854157627,-0.7400790524754719,0.2138445864453673,3.604380365110474,3.5506511037428967
1265,-1.4809217729606066,-0.1930331483258916,1.2283806583537578,0.5639540758490275,0.8077117876576243,1.606612604021306,-0.8487794982172258,0.6464292866541008,2.701487804692852,2.741198705646663
1150,-0.9586665274638184,-0.1637342513362773,0.4782930598412369,1.4037078164950985,1.227859602394281,1.1983902748442907,-0.7705079711834566,-1.1580743144936043,2.952267817671341,2.824723498179834
824,1.3888557598048508,-1.4169842798678476,-1.4645394877686797,-1.3723731176198442,-1.6873274966312084,-1.1849252495011555,1.5847132900905812,-0.6020494304530587,5.014839897709964,4.70647531869429
382,1.5129952431804303,1.5928007900936056,-0.8920979011834599,1.3260136622889802,-0.2135562242738123,0.0723122563209098,-0.3501287490243872,-0.524365599870282,3.982627798763816,4.032245711341087
538,0.8297264660937116,0.1649800358355805,-1.007661147778101,0.5825347697857457,1.498027648060695,-0.6688237151611414,0.109439992065676,-1.5137562187914924,3.677006923739684,3.563700143036424
1493,1.5503109156208728,0.515607426543245,0.2044473361142451,1.54731684117238,1.726792817501987,1.4661769493255532,-0.1065329202052687,-1.478781366558417,3.2182122426197823,3.180020149275562
1112,-0.9420363369099214,-0.9629797160619102,-0.0216271830971552,1.024027147301019,-0.080642605139484,0.6953948336236901,1.4943460131302906,-1.0395771002104182,3.040986218961156,3.005030791107437
324,-0.4083018538709068,-0.4697705220786383,-1.3239717065786645,0.8743368053654487,0.7856950317738264,1.1937330741325516,0.6225244098281091,0.0252368897516276,2.9288748881502955,2.9116771638245997
361,-1.008368434852263,0.7505917607153186,1.4998364033094325,0.4745657547823259,0.7642298625191029,-1.6984882135361552,-0.498727494931233,0.808995980603725,3.684161978078269,3.6576326481789208
1487,1.6222520183272982,1.0669798969552726,0.4993636707422181,-0.8437532396023215,-0.5370342803012145,1.6351357012608938,-0.1865527934969301,1.0864200248982685,3.5457361174364617,3.6681614020518163
1029,0.2141359031319368,-1.3186014668579236,0.0162394364630326,-1.4751267167304012,-0.9491755852893122,0.7526008384958935,0.897296293587023,1.7143909871621903,3.700762617379895,3.5553439795582835
707,1.566397500003051,0.6592108269847241,0.0636863787665193,-0.6894553338623673,-0.2241235349866786,0.8180513815760929,1.3965544033086454,-0.9951891439701916,3.5999305176206766,3.60597299802324
332,-0.8342474638205424,-1.59582690250324,1.3506850297175088,0.5592139779278722,-0.8890154914934041,-1.40152060823009,-0.8530190978621193,-1.2959384095927242,4.0931192218403485,4.158403518262911
429,1.164478393183916,1.3741573057306222,1.620087214754907,-1.603434647918391,0.5154952736705438,-1.441822969170493,-0.0634349446862163,0.1579652326229447,4.107802330920454,4.17855224677251
1242,-0.4261202827220445,-1.5469789727073529,-1.431959322172074,-1.5417381649882078,0.1411148260946805,1.334617942748788,-0.1171803507856194,1.743552215626175,3.0576892367088653,3.1223986860447375
425,1.6220947628486977,0.5414915472089559,-0.0467815539169266,0.8071986227233959,0.5986266096350331,0.2094681834383965,-0.5048261532577254,-0.1541901254957067,3.761403944226893,3.8305090308637655
628,0.5023810049397409,0.7690153650707322,1.5524658623540015,-1.1092904576344509,-1.1905673921887934,1.0147339216963025,0.5141797336808834,0.984745280813525,3.699808798354871,3.681506544487559
1111,-0.9153928789124685,-0.639660015265953,0.5321168309058847,-0.0531325771296662,1.4108064304978132,0.6852638933555617,1.1525866183070212,1.1115571318631774,2.7948374502376723,2.7629081181144866
677,0.8560075312968041,0.1887548626620444,-1.2301708061134804,-1.169998912044405,-1.6992606656334952,1.405553628886891,-1.233902827904144,-0.3547599936540819,4.131281411421558,4.034491857957285
693,-0.3449426682797261,-1.162165240767211,-0.6438835585913585,-0.7722944031267909,-0.1295504918335574,-1.0389078661660438,1.5770532565161552,0.0539428178735488,3.717511397905927,3.6496072570657843
757,-1.492039416434442,1.32877202381968,-1.0247367093944506,1.6555904263315824,-0.4150615488522567,-1.0227697000540008,-0.9802363423312304,0.1741237908036254,3.746442921572715,3.674755832545944
254,1.0633127888409777,1.0248418486407649,-0.1136196152419084,-0.7359494263730034,0.3936768769414023,0.3717504390826354,0.4804911354118054,-1.0967653063301834,3.500852671797627,3.557990956635353
1094,-0.3808300314807517,1.1682872024941238,0.2760101433088321,-1.202652871509792,-1.594212828820747,-0.6572761152668113,-1.6730783559759472,-0.4244085980043126,4.373265879255807,4.485236682003801
916,1.3133094850119835,-0.1037639754683158,-1.0209055899180268,1.0982664041084114,-0.3494838286239329,0.1408181201909547,1.118783396286088,-0.6797253787739683,3.8634371746401,3.804997456123538
1185,0.1111768735627978,-1.1159363452128943,-0.7373840659807506,-0.3998367421228611,1.3683260153940473,0.1866768528059562,0.0264195600898467,-1.5429345405131627,3.2730359275105507,3.2150085109051934
668,-0.0315156813657494,-0.3850990026004788,1.5370459424427314,0.1267862538457084,1.614141338981888,-0.1373032243837653,-1.3778474154641682,0.3627537792061761,3.265580454721,3.3664035312598544
841,-0.8694860018484298,0.070780595037936,-0.98198095455557,-1.138639824214973,1.2156907981581355,-0.6564124323983406,1.0567568280692954,0.5738666116549093,3.2045090912088723,3.1417400255492374
806,0.1312794656048743,-0.7401380277052053,-0.6170434424281063,0.011055679091722,1.1545966464347277,-0.8097406061437865,0.8835879062208444,1.027725884832978,3.414387720192072,3.458339390651212
1456,-1.5450631239273924,-1.5979820740402737,0.8189498806664313,-0.9448390413489384,0.922847125863527,-0.3095064627045933,-1.357309171607504,-0.8483743200223554,3.1864198899259097,3.1840571805976525
86,0.2478900325862685,-0.6096903175920444,1.640387338867545,-0.0561146618376958,-1.3184638177378816,-0.3964553362483616,-0.9423958898560132,1.4917873409868794,4.238346725776154,4.335855248370601
1421,-0.6603118228414289,0.3147596050061865,-1.2561811729287191,1.3099433864527217,-0.2371643973661917,0.4772446130951331,-0.2536432218240099,-1.162139896001799,3.4931429501710776,3.3467288773254418
265,-1.3295981991557937,1.3273073622208709,-0.274795894223503,-1.022606346528047,0.4852901996621199,0.5841659281516227,0.6088819269977336,0.7703493527448285,2.7784875899991817,2.9154031919187577
287,-1.4589783232948683,1.4921128739823768,-1.4211181450915849,-0.5311833142377901,-1.419134135750297,-1.4488690306266223,-1.3492962101641208,1.5096506147705626,4.241130183822932,4.2498392355149175
1483,0.4702947874637919,0.6291446226110828,0.9860928727932324,0.3735287522235427,-0.7050830913769581,1.7009046385691464,-1.3676652892689904,-1.0661483388616295,3.506291896026565,3.5782171049329667
892,1.2269532701373411,1.519896875077501,-0.1502302072022864,-1.00260679571284,-0.4963826053511397,1.170613095226925,-0.5036251033665831,-0.0122579507197257,3.548455846738793,3.72542270326645
1495,-0.1709104491220045,0.8903657130140835,-0.5004145546171824,-0.4851585964917129,-1.1091591633611375,-1.420771884337386,0.5702272870665671,0.2008188610498222,4.181927808626471,4.307552468454204
978,-1.268156657085275,-0.576123391971748,-0.5791251068059675,1.133648654256801,0.5646113552721378,-0.6748838459668113,-0.5296846270239993,-1.5767673110844769,3.3611620838574483,3.33964951245676
534,0.0186883281446432,-0.1004561102162276,-0.1901736022034659,-0.791271114969559,0.8358208286144163,0.7338677835744505,0.0426046329002727,1.104297631072442,3.121521010920327,3.165463237583006
1000,0.5770744552714283,1.1967533893404287,1.1228418233160595,0.7969314474528849,-0.5138033797391617,-0.2715416918477369,0.9889150941831844,1.7115361196216357,3.817263098397503,3.842143626065713
221,0.8615501529884528,-0.9642180092596816,-1.0642564010108786,-0.0833203202659844,1.1517785684659656,0.6600702621252617,0.2869178986516624,-1.2499628012277653,3.332720651455007,3.2936552896063347
113,0.674141095486934,-1.611113535120566,-1.1058480112176552,-0.6945515710517801,0.7257458304789386,-1.4048841616734196,-1.5257351358468825,0.5896000789423516,3.9870530742954458,4.107912760269037
672,1.080745485158591,-0.5451362950563066,1.21147785664041,-1.4174501574085665,-0.8586633425193356,-1.559474907577956,-1.0000350753504632,-0.8024896877620374,4.9081334586082646,4.840178505477471
583,0.4204626574296645,-0.9910270767611068,1.2288642704682184,-1.0852770313162925,0.7045598790164319,0.4610003329273395,0.9410115588548008,0.0749834364430506,3.263203804671346,3.278840226188098
174,-1.4009474847321288,-1.1465616298814807,1.664696903046433,1.6398211452938585,-1.5829921428015046,-0.0327182196543617,-1.1315485475753646,-0.0068084717195099,3.660982171000458,3.850344470788571
535,-1.5901382739407464,-0.6895249773126635,-0.3248452605488109,-0.5921686624045547,1.2626990639924942,1.4567890228854834,-0.1457794435020635,-1.6164031973827528,2.694060908860877,2.5975830888149085
1078,0.7379635665219015,-1.5311559955203466,0.7468464745817811,0.1334747400421511,0.7659387401439192,1.3891852630715047,0.0630372896314776,1.038980485859191,3.156899802649633,3.1810401091470952
1176,-0.518847977392492,1.5817056163508705,0.0335558769783755,-1.6833563935692477,0.7313834196378517,-0.5180970919439256,0.87117537145831,1.1106316604044932,3.275259910452479,3.3082502980648
1106,-1.341130580173142,-0.1214440413977604,1.6597587265664948,-1.0465811585954026,-1.5368118843093794,0.8092154900228783,0.7391503223751489,-0.5131652243072011,3.2239386047791627,3.3546828603794965
982,-1.5514176369855366,0.4333032163376386,-1.3753813761261582,-0.146397632428557,0.122476224086813,-0.5056712643248877,-0.5871487668405483,-1.5802444712002726,3.3453980575364834,3.33786484438323
285,-1.6925175469974958,-1.3962897325582262,-0.6949694931973807,1.0614001000095443,1.3804932850736449,0.5556541444005465,-0.2578220055104422,-0.7808551263624155,2.6563888722266094,2.7487129675941713
867,-1.1915465245953742,0.9838955612720052,1.6740898707213474,-0.5556001031280412,-1.5136354183458478,-0.6540758723838569,-1.690783538685507,1.5654000247049926,4.315575665058423,4.133582987019326
374,1.7576473384861442,1.335976734716322,-0.08764087566835,1.6860358123190284,-0.1212058358402387,-1.1062075483465006,-0.2237693611742405,0.6461278526514812,4.329581797297078,4.437677450318309
1196,1.2489710600219903,-1.0103513530282715,1.375430344127972,-1.408906474508832,0.2426102053479212,-0.3203860378075275,-0.4689872991667013,-0.4453449724399224,3.92858017893908,3.972241015979215
31,0.7912608264950491,-0.7856266543808821,-1.1595768480363624,-0.56971947858719,0.0254017026099652,1.2024034809093975,1.7215338678299152,-1.6892824008417502,3.230440103215854,3.217242905271967
551,0.2619576427531224,1.469625032998228,0.6472900840754431,-0.209587014085492,-0.97830703727437,1.7043178379882362,1.45214452280717,1.6926991030366456,3.2710553690994915,3.242173731584083
210,1.353645575052972,0.8789980156572869,1.0898760142356438,-0.5164667438608773,-1.4411290475785898,-1.4964924136979296,-1.6772462021271193,0.8791917110361571,5.163671984420553,5.217742932289078
1046,-1.5718090814424528,-1.1247167877047166,-1.098560716530787,1.3257320904197478,-0.978143532439705,-0.4732487562134882,-1.305588183640684,1.5687391962780244,3.5839244066822893,3.7029179720329153
923,1.66192746515558,1.5365792096375848,-1.6114914515587724,0.2257450704294595,0.0773380455778385,1.444777151777004,-1.387673669798157,0.9987433975217668,3.699218406703328,3.6738540068090297
809,-1.085497815467218,1.0518707608912363,-0.2642654707718939,0.258418129773913,0.0689875031621095,-0.5539617619421453,0.6828511147779948,-0.6975515366265073,3.3689262981298165,3.3454442860992977
617,-0.7068013818413624,-0.3020332928848765,0.5520520896508767,1.1807407443166995,-1.2217153935424674,-0.3431754066067781,1.4818358991400618,0.0484630784033472,3.783187943391858,3.6664505776297207
932,-0.7074651409024234,1.3323338698596154,1.4865277388507163,-1.3414330447268163,0.1530832709437259,0.4518883734503017,-1.518007897486784,-0.0376535475292665,3.3409765346694704,3.3997825571748126
619,-0.675646506448959,-0.4929919850560447,-0.4839353385478055,-0.9384850919061664,1.085976086414651,-1.2016821401200153,0.9514828524015182,-0.0595680830135164,3.310971652406032,3.380405489627152
188,0.5599262103392096,-0.9229267782279214,1.7414625959873422,-1.6467723667155034,-0.6669097573711722,-1.5471755182904663,0.9242613738744664,0.9313142885057808,4.3062673927445,4.347203587416842
710,1.1967432089652037,0.6157906109497703,-0.5796012693059613,0.0621614136577298,1.5650748771330107,0.8019614850263173,1.6966278792600424,-0.1102221478072669,3.108258161687386,3.12917754292989
936,0.2159317233777153,-0.2813377084125767,-1.1125483273923469,0.7084585459522862,-1.4786439903591169,-0.7081688700840485,1.3894811747143023,0.2350846217764231,4.220626456063735,4.145498274495838
1168,0.5056387538948915,1.0012613248767936,0.7210933188842054,-1.6677587180327296,-0.7524135673021419,-0.503009364753448,0.6186760453558323,0.3130019107845936,3.938681891931579,4.023126602278257
1219,-0.4289813970096041,0.5120949548106482,-1.63511990087764,0.0484799431023174,1.355757262603175,-1.5558821976346673,0.7696120358955205,-0.9437160593288504,3.6449907956161343,3.4779807360454744
1097,-1.6599711633306635,-0.6610841966163779,0.3885052388966383,1.712028186086118,0.1945253969734005,1.5846880654995408,-0.7921682854287382,-1.5480060738030683,2.8866671291601325,2.803879446791083
901,-1.3577502546242122,-1.4009280349949609,-0.308891827606145,0.6643574014280207,1.1023495162645292,-0.308539754697003,0.8383654634883473,0.8182362740828428,2.999813184190295,2.9795277570847793
83,-0.216971158489737,0.4748528048407005,-1.3223110445552186,0.4892321743557957,0.9334773369325794,1.0091643035067923,0.1318020441446935,0.923513919994396,3.143296179440212,3.0071654535171235
701,0.4996034312873968,1.4034058572882186,-1.6774116079465549,1.2034593106674107,0.7330521392863062,-1.3839628794815149,-0.4615354639619816,-0.5925907493076058,3.8066799172729744,3.9281623485263624
48,0.0367371727760903,-1.6033513544525215,-0.7218071814569059,-0.0502715160554078,-0.6322981113045401,1.184014824034059,0.493852348488058,1.1906302114825376,3.2057346516306944,3.345087337909843
1283,0.5013424719337585,-0.9472551663478364,0.4358469100400742,-0.9683808429293064,-0.932216984098051,1.437730585444827,0.2993249763018013,0.874003955297749,3.346186470652768,3.497513606047641
155,1.7603022319853194,0.6093221768644883,-0.7405886610989446,-0.8935076615572354,-0.1141044125038859,0.6458218431712639,-1.7152389909069432,0.1194911755699359,4.124767703084644,4.0652069132224256
1151,0.0222517719212273,0.9902251556428054,-0.0975460599533453,-1.247532187428363,1.4236807645077092,0.9688242535267966,-0.387249389040355,-0.9160458595224452,2.848027710285157,3.015713241165528
1141,-0.7312066274275208,0.937151071236255,1.1221457419978844,-1.2809061985197288,-0.4945635236241765,-1.2062157724825475,-0.0839180130568164,-0.6535474565073616,4.008683034921729,3.8938797967757552
974,-0.0991099420375478,-0.7870762049067709,-1.6893561071324517,0.0487692074579628,0.8929797921156183,-1.4166776542959334,-1.0104097664534917,0.2387965752677152,3.851113661446576,3.806503819894121
1057,-1.4197936087324077,1.6851801655659455,1.4708101097872148,0.347921822233772,-0.219295762750908,-1.3841237117778178,-0.131176852410209,-0.4800367712923751,3.560369859109381,3.6512648544193125
807,-1.5649990554970306,-0.1202057533130169,1.4076801846393028,-1.106725810709619,1.5258441536973275,-1.230406592186973,-0.5732991526236659,0.054776084314481,3.2849226905226816,3.2374668495745733
1229,-0.342868890688872,-0.3230229761327693,-1.2053669038890036,1.5471525648739106,0.1760543238891378,0.4262939696387565,1.6005869095481051,1.6071331538691502,3.19730646828027,3.116016897870297
1480,-0.7858946461686998,0.84808476040136,-1.2132679651087463,-0.1143847558571426,-0.5986021552808306,-1.0070736445580035,1.171664592658154,0.4206446604755416,3.770635906292328,3.685800656859422
1436,-1.4450019333585935,0.7331468076968353,-0.166504951537464,0.670355991010552,0.0941708381150654,-1.165113712837987,-0.9322939613182012,-1.5295640862949769,3.617596765054407,3.575412891915192
179,1.3504151707544276,0.7773867578620421,0.8897746374647442,1.439550231866156,0.3928120252552243,-0.8672788606786207,-0.1896365956588931,-0.7009143820518355,4.097665462590046,4.09645306122449
1355,0.6209902707185303,-0.9077776117235016,-0.982750528726154,-1.2963700608023552,-0.164679677306034,1.05602819956833,0.9369531665498398,-1.5516945419611117,3.1670928122424176,3.350988209245346
1246,-1.0100600655966976,-1.6753175216225789,-0.7942594074119835,0.7360565048583413,-1.080214038754865,1.594627014532878,0.856319687486767,1.2991163681232964,3.0619382516289866,3.051637218089519
1040,0.2335275947739095,-0.796375702000808,-0.2858394673710298,-0.961788778337606,-0.6783137125335531,-1.1684727389258724,-1.0230813258282407,0.8714158903328789,4.400694029875335,4.368016032147516
949,0.8096717392377685,-0.7986896334785506,-0.8631024301989819,0.4096935378263894,-1.5565544226473231,0.2824415604214778,-1.1705636949447795,0.3257147186396113,4.403118219322802,4.41909637744331
816,-0.3271392779670979,-0.5606160189012144,-1.7177118675918075,0.1132732513493576,1.6414410048557042,0.8223588822120578,0.9347322578710004,-0.3201164932831168,2.814012873534791,2.8534270395761623
363,1.14557816629265,-0.8067077300075142,-1.6913055703766056,-0.4168187522572071,-1.142249925876904,1.3790796456928869,1.3013984614797474,-1.0539087782606886,3.715902777622148,3.5806880180897664
1177,1.0375177334695906,0.926362051063097,-1.3983083893908252,1.1895769983783098,-0.9991882200587476,-0.1783469314123833,1.2300339381992178,-1.2812137245550212,3.8309324083866048,4.003600138409454
1198,1.563030770190391,1.5438966739405116,0.5987791149149793,-0.734924033371564,0.1757722838575928,-0.1617706475223705,1.2777869671674682,1.311422393218158,3.786610587595925,3.814805405500469
346,-0.4296981540231692,-1.121673017263457,-0.0936632346440547,-0.021979146735244,0.7836597721602362,0.1240174110501904,0.9454435393553065,-1.0090909938519577,3.2655376903825744,3.1444995516088716
1010,0.7372960859264547,-1.4202612179399785,1.4076142450076372,1.3283498931609117,-1.1737168136253315,-1.7105632280842056,1.4024889076872016,1.3860100142714935,4.471405889124995,4.608464988174257
614,0.8817814697060382,-0.6553909058112779,-0.2075648170702778,-1.3736127956681363,-0.7874990253415359,1.2254581277417913,-1.5188284350945245,-0.3294607181546745,3.671878874548147,3.849682187348787
965,0.1419873052980323,0.6083487416132349,1.1020844359508275,1.165798115874029,-0.4469064235892174,-1.4720851500870382,0.3582630007094609,-0.3978334678164575,4.073267194653706,4.177394604278705
1273,1.4927939294288182,-1.4075317732424597,0.3600901609030122,0.8842135466391078,-0.3789689435132732,1.6679305815056538,0.4196023466846579,1.0091593518041395,3.432324602841877,3.5103957098623
589,1.158979031755623,1.517258025062023,-0.204982830045826,0.0245880939157029,0.5317694602807576,-1.592176286157332,-0.8356627057167263,-0.3191095327273485,4.351593737113497,4.303746794568683
1288,-0.73430176928868,1.4897846488673083,0.8783964953871405,0.6177186097130742,-0.3257811109676387,-0.6535751031939513,-0.2512408527731971,0.9485028507646092,3.5332200552614803,3.688823005050772
631,1.0495242087023169,0.0258114769291495,0.8312128717115375,0.7700203070100158,-0.422972701830317,-0.2946273988781396,0.1030665668493968,-1.73614368571548,3.850717175057949,4.041390131829805
243,1.1544959283264014,-0.3070425185138861,-1.4257001746503992,1.2536028434155022,-1.5760504135515694,0.5268748547545243,-0.9968228961997068,0.9738633102850376,4.40752670026145,4.375404885048749
1374,-1.127958737387066,0.6460266931273864,-1.554157885338162,0.4735016275893596,0.4534590694435955,-1.2879279148244274,-0.6775430224985333,0.6444838582252039,3.705108666632723,3.5723319913183342
1451,1.435901599801328,1.056287864924371,1.6877692015687251,1.2395010124852714,-0.0023693740397287,-0.5503487924365048,-1.0049596023134952,-1.4039643262369566,4.261718299788802,4.226808424289582
764,-1.3412358856147637,-0.9021716101915986,1.6949474737848265,-1.107521007373058,-0.7872833951001386,1.1380847151154116,0.0316837139460918,0.2416112869145392,3.045212207120562,3.155271727842108
987,-0.7194397288907116,0.8077481736125013,-0.8158137038087979,-1.2728391089624198,1.4621958800815764,1.4523174041613076,-0.5340993886796112,0.8147928477267935,2.872950675697713,2.7518221850977014
411,-0.7643226185172853,-1.5598463633174993,-0.968797256163914,-0.6643457531213497,-0.6367744038087468,-0.4689827390620548,-1.5053551916075492,-0.139277635604991,3.996639918418867,3.8701088357312643
1420,-0.3912387132689568,-0.8082390588037335,-1.1117078204360438,-0.1131353827071309,1.2172950484875145,1.4875141948603594,-0.1741876078056355,0.0020272240199816,2.77894904459418,2.8575312005592712
1225,0.4455564911874867,-0.4719164815812766,-0.4506999265397989,-0.3967848116272612,-0.0718406942329606,-1.3575705330543952,1.0154194054366137,0.4148947351636879,4.216520513547446,4.029935452708352
308,1.0646136841841147,-0.0292515025804598,-1.2246233389063748,-0.3103694149154378,0.5583859111544568,0.6692018954068949,0.5645234309210637,-0.6462985290794282,3.3591415461377583,3.435711758020188
881,-1.0219699127452415,-0.00933725870146,-1.5439290323086774,-0.2883844475790953,1.4843481951762127,0.1391704520038091,0.5118517282863645,1.0011213861483186,2.867501761646361,2.9053147631547325
398,-0.46752339333086,1.614851270845396,1.0957961701732748,-1.575142572905652,-0.5437152430716584,0.1064850612226255,0.4651707832564997,-0.2856318940420478,3.6180932096202594,3.5098852261637195
370,1.4332620061188153,-0.4788384717789406,0.044138142902243,0.9213801210873748,0.9873908135415274,1.243687678283391,-1.6003776970695631,0.1780396876443009,3.607661329593752,3.5173381862069335
54,1.14929844901228,-0.0578248415731568,-0.6917954422818191,0.2350176797107338,0.2753060051495059,-0.4813780553345802,-0.9357186422228648,0.1270027137057063,3.955822727244334,4.056725005694112
1338,-0.840947395520294,-1.0838597886207846,1.6900059332580768,1.4828311774237186,-0.2402569048749581,-1.4112612655681882,-1.3979167549648377,-0.4380913803523261,3.866895837738444,3.9742002770989124
1182,1.6562505691679676,1.0511344501256914,-1.5848196053867962,-0.460072528550669,0.4834586412036267,-0.4008442452995589,-0.9404038381649036,-0.9321827908613812,4.059327976572217,4.065202345222571
312,-0.289984774888411,-0.0939000904700998,0.9830270392858894,-0.8327432856811248,0.3780678268308249,-1.1278379891074213,0.3012580036295715,0.1010408207604249,3.7207504480913296,3.712304077818628
921,0.1805060904492081,0.2880812548304942,-1.1466895528626235,-0.5284108928517105,0.5558452321808871,0.3037427452535882,0.4015503959016007,0.0766100261737596,3.46648490037493,3.334079538487025
109,-0.166652522280775,0.8485011425591658,-0.5320054407966374,-0.025712268537116,-0.6729562630346186,-0.2654148357625921,-1.2607619269770671,0.9978821677666154,3.9739437978436873,3.9612041336902792
718,0.4705437957881758,0.5044992552745131,1.6639985997373403,1.4120128860142538,-0.1642750957679221,1.543257487038239,-0.2755394475816825,1.7167612943208743,3.384539696561881,3.3289898235180084
691,-1.363682970474993,-1.4208271954837273,-1.0510918371049225,-0.3858882021735075,-1.600108291261561,0.6721053042320412,1.472082575488313,0.2882863280637905,3.313279728754071,3.3157682067349676
100,-0.2827795793987379,1.0915976364573667,-0.616607405311177,-1.5381952020757468,1.2628270753902096,0.4104302643721005,-0.0492940861317166,0.0028594287871203,2.9796756055236044,3.0774470316812628
1125,-0.8824430775232032,-1.0504089870206128,-1.0890739734153685,-0.3941096466601821,-0.6169102335876401,-0.7449236755721953,0.3219039477692751,-0.831966055105314,3.8667474743601766,3.7073438431291468
669,-0.9134224129444806,-0.3233333038655073,-0.0902204033643307,0.6702319763112443,-1.619709006728753,-0.5899902623305511,1.3900541255680032,0.875333481162987,3.850659209703233,3.8252519422230824
1375,-0.5179843487720038,1.2170103473880276,-0.7502502187989871,0.4497660433456013,0.8075090574450954,-1.6330751264360095,-0.472753151091575,0.811697875880223,3.798222267017292,3.728910919130507
266,-1.4630687840301086,-0.8544208213548125,0.3071186675491608,-0.953541695428506,-0.2051761823891468,1.352262925614946,1.2775046209385883,0.9400771163058058,2.695448576486472,2.8098537294206944
678,0.0267726113553945,1.3834090332300584,-0.4846584324585137,1.1349048270227415,-1.3231524046963403,1.2070827176759535,1.6621468107651924,-1.7309430959005607,3.560373068213427,3.34885971795863
296,-0.9224731790430152,1.351653898547138,-0.0640899251834369,1.395423727302588,0.9493422473769226,1.5721089657923053,0.4886202250628249,1.5919846070248127,2.9160233031657823,2.695373556400086
529,1.1395213533866977,1.6735403366725767,-1.2207335158944648,-1.5108345613058418,1.2590214458225204,1.6970278002512145,-1.002850300958777,-0.4807906222371191,3.082312255974513,3.1728370110143653
944,1.2569721473562234,0.696225528042384,-1.1474853382581454,-0.2917579570971895,0.3098879293336513,-0.204795506165758,-0.4089088490556958,1.151420916881944,3.868105219098476,3.919731331146384
1013,-0.941638652068529,0.8298357705209228,1.4783296504261698,-1.520443663389095,-0.6211257006790096,0.046065804596617,1.7073390565886657,-0.0510127154575774,3.3103489301605,3.31372146971625
950,0.9731451057775524,0.2113414072883032,-0.7176878635982221,1.7128364036605528,0.2363630195288544,1.4839642810298508,-1.579316600479967,-0.6547473208715984,3.593753797162424,3.5161511003842456
377,-1.3796775285284766,0.5110165742803122,-1.1222815982013463,0.1464571259006865,0.0659082130532672,0.0306932070860138,0.3865342783006563,-1.2954786057581809,3.016014688618008,3.1554423197632397
286,0.7710561628047152,-0.8685481349164013,0.0058170533291446,1.5164811446510489,-1.6919860038961063,1.1914963500817082,-1.7074489627365832,1.5001640981471625,4.11104856515374,4.158304698508545
1438,-1.6964058342073611,-1.621233078701482,0.737525581817207,0.6109472525855155,1.1885751006069916,-1.2815307123406237,1.2289336749833484,-1.1019563036781634,2.9571268220799825,3.0958836153978546
730,1.1276122583190238,1.5684940482334888,-1.0605715914961684,0.0154818499137138,0.6847825197267653,-0.2625401903274786,0.567240121554538,0.6062927133559457,3.725937828613412,3.6776779062906466
126,-1.6910976747680375,-1.0980511372731196,-0.3317642980290196,-0.999247156283557,1.4951181208603908,-1.4498382020307272,1.187005193223012,0.760068346408221,3.143291128269031,3.0944408206383383
327,0.309834606812305,-1.038763484498077,0.8725261527450409,-1.6624862721883846,-0.5719073059271941,0.9841560946433604,-1.5106967551919108,1.0367009893611316,3.735979421378068,3.689036315490416
292,0.0660967898682788,0.235433034105123,-0.4011879675648228,-1.157297112428389,1.2061221847648134,-1.3549135281262237,0.4798760362207634,-0.1878680369989413,3.671746200604828,3.620479201726521
548,1.0316886962383445,0.9182526786372204,1.2277817146409575,-1.2842295878617436,1.132504810832637,-0.0707665409140977,0.9928999588116814,1.1700729189372818,3.4660192795865594,3.4451062579780447
727,-1.133553566621594,1.6689767981723331,1.611236179108634,-1.365124074777286,0.7225688746658515,1.423590704836857,-0.6464902448287254,0.9114751328670122,2.8829901641762223,2.8221335867071975
908,-0.1322938055599566,0.652352646107446,1.586971144904063,1.4490588685922188,-1.153366677672207,1.0182936670459872,-1.1063159435896706,-1.3939042815052842,3.892928038456959,3.7186978149779577
355,-0.8089877788166697,0.0125324636192514,-0.5455666694734866,-1.1130347409781247,-0.6998464109534135,0.0982250717848976,0.3412878884214211,-0.3174804449893771,3.5493483321212675,3.4724259269762463
170,-0.1528861189157012,1.1054774275476396,-1.0117202109849674,-1.260570509502864,0.9891034132000224,-0.3529704089268836,-0.5383444010021552,0.3318753179043756,3.522737248384788,3.4106768799858553
966,-0.3284741819545079,-0.9084618340226476,-1.1056247299105575,-1.19683042951073,1.23598346502219,-1.3502335912805037,-1.6186415517183,-1.413985835868297,3.787897634861592,3.6515742068128643
1133,0.5030861905541318,-0.4522253321989727,-1.6358551497447,0.9626109750450632,1.6863223087223689,1.5316623568512755,-1.0060041474687875,0.1547277146023692,2.9249042928533857,3.016029942970574
651,-0.5804189061817921,1.3238386841225376,1.176466016940115,-1.1352148165892395,-0.8739785986428034,0.4663804729393697,-0.1834806163995954,-0.0661887988046768,3.63792727254476,3.5548503492168115
209,0.5409009928131224,1.5060229765402005,0.217655220575975,1.6504658589639454,0.2615211872847477,-0.0489172303541428,-0.7870585546722841,-0.6243682768922895,3.6733065437655794,3.722074539105252
1397,1.590010564373795,1.590356592490815,1.5948162303495097,0.4462374012813537,-1.109591445273207,-0.1165345141141008,1.0403429768050376,0.320043462721134,4.231484258604925,4.303074271898424
140,-0.3671132640429733,-0.2678269793446924,-1.6557889226741336,0.4162651111576509,-0.201832428489198,-0.4179056553151034,1.2805673061358291,1.0485771798516308,3.4268812419258974,3.4881588769901373
1083,-1.0430814562690656,-0.8065569099018745,1.7237758808136876,0.1028196479605397,1.4142323094874256,-0.9461400739464756,-1.461034971226863,-0.8649178675778626,3.456215808400118,3.3574616930326253
990,0.0896970564041824,1.1257336670932525,0.1533139237933133,0.8129025411991304,1.069270136185036,1.0618414801780116,-0.249216649622,-1.47226000712851,3.0141265390167336,3.07065157398215
650,-1.5417753492341075,-1.1111784524850927,-0.7375242771189678,0.4561401589692346,-1.3875668335279685,1.5202834544879302,-0.7792571939181505,1.440163093486909,3.154685165902194,3.2229346029397816
1188,-0.8142285849803976,-0.4371092616135739,0.3809976733641245,-0.8197188217363318,1.6772735898664424,1.6583449892803137,0.3445433226064071,-0.6249718181794354,2.4587589925190816,2.5974600378812105
1498,-0.1728535872737798,-1.4767929434705844,-1.206271482005002,-0.94551405035167,1.367514983282917,1.171155452388876,-0.1175046156015976,1.292968866034645,2.9376671584906155,2.9527208514233036
485,-1.4118314766784994,1.5703672171322214,1.547854763710961,-1.0741275544828144,-1.0285161496345356,0.3313704257525622,1.1967055531548298,-0.4203387872698896,3.114657233625276,3.269824702072968
527,-0.2649621644058774,-0.9325590671645344,1.3454581205143143,0.3933540544819418,-0.330073039345182,-1.246832461864884,0.0123871679908333,-0.1407071830948702,4.173249234745474,3.999706963342017
199,-0.115815654856862,-0.3774731701111153,-0.712663005445062,-0.3097500450396833,0.2024860301873579,-1.491829512126483,-1.6358666153473824,-1.585299342836449,4.2300857167598735,4.092708574246348
889,1.7051789846617056,-0.8702816886654168,-0.1717599097595525,-1.3974822997962664,-0.836460905322935,0.8470426036907932,0.624420683688968,1.542561553030855,3.9264843173582618,3.9195507683974906
844,-1.466285998640469,-0.1553212081900589,-0.8205302973486507,-1.056501384472763,-1.4621259458236184,-0.098443455076484,-1.463080171917409,1.6167692358720187,4.1200603846058685,3.8173543330584034
1068,-0.040254462438738,-0.526350744769582,0.9807640462159912,0.7567047966844757,0.2806262683254474,0.1735481134322788,0.1595288688843389,-0.1735877535152568,3.524694160378775,3.4126997641065353
1205,-0.3442522826424485,-0.7810143323480372,-0.6862903606639795,-0.7141447754747798,0.9458499712682464,-0.3064881725867929,-1.3039053176976498,-0.6875320458445917,3.3217433320034404,3.4486166307274253
1054,0.1874283681656058,1.3058574537060317,1.0130808026566536,1.008176507361635,-0.841373598115128,-1.492199860645597,0.0859299302068958,-0.8060976982869834,4.618300273345229,4.3779638585745
10,0.3007849385805684,1.6820270841888072,1.5391507192725284,-0.1493629202542178,1.618971667945037,1.0652734708498348,-1.433601546331437,0.7078082234935964,3.0725098856078707,3.120058520829773
147,-1.1484236135038544,-0.6257119202348846,-0.7251460535097336,1.0294128964992415,0.0709399403724124,0.8255944170218091,1.1033178261980905,-0.553054001845676,2.9686864228655807,2.928527434815378
721,-0.1394418067972627,1.5164174651106468,0.3958600721075274,1.545323454882051,0.6164733443032325,-0.2982414643782018,-0.7660412153191133,1.2475508636253752,3.616036625460464,3.533309940708358
282,0.4950636779555227,-0.0586727777234431,-0.3966101423808879,-0.4925473931214937,1.7324580132218013,-0.2381805929881762,0.6101207260590492,1.298656685895716,3.1634772522462447,3.293303831843852
298,0.2485187490311645,-1.4525310592721743,-0.2983624015779021,-0.6032784010935132,0.5448975324594326,0.6836342419491829,-1.7060597033178146,-0.5234504035105535,3.2958249121207803,3.489960311463077
613,-1.2734334952292594,0.5546051917842033,0.1764872829647854,-0.462450071430782,1.4969349883697485,0.6788065285199851,-0.0437573393823667,1.7127505381571002,2.833561861317466,2.7802269031054645
291,0.0458617483073068,-1.6190008241539215,0.6803369675275951,-0.6365491263277799,-0.8878503482636828,-1.7344171047329868,0.4051554375835948,1.386348868329316,4.422625352200008,4.41628423041873
649,-1.0503025829018122,-1.4050663349035173,-1.6406661579660573,-1.1298683852939722,1.492381082563121,0.4320266061485803,0.1698776649706002,0.0826124445373693,2.900746577242347,2.8664069867979887
598,1.436746504820645,1.3718055009788654,0.6147357834298813,1.6705351857044717,-1.5835384934380246,-1.2336420568863542,-1.7315157658132614,0.5418641694916596,5.63130544584337,5.131377223183939
1043,-1.5548789532444407,0.4780838987847966,1.6170792323783656,-0.5401425519047907,0.4945803952569057,-1.1711466026015238,-1.352000840213174,0.6395043306343295,3.311748637450686,3.5185780214031186
552,-0.6517219501451892,-0.2146211199637747,1.548231895220709,1.3553779218873987,-1.514994457094228,0.9111030594188182,-1.2390406434899286,0.9695394897900186,3.735071347826337,3.7454471618236527
1298,-0.1916415554748212,-1.34569386582036,0.5076821822072975,0.9346265465361486,1.0310244503935255,0.0406215785595144,1.6871595684527545,-0.9799335127355356,3.008247624999588,3.0904055544437576
129,0.7361970700716501,0.481450967522101,-0.6115239853862745,0.1913607666431865,-0.1322211087267508,0.7297294502935716,0.6366162630860367,-0.7374327417664217,3.558625533972599,3.485659306935581
1061,1.0599157328426174,1.044587869749597,-0.4256282507252503,-1.1821044238768703,-0.7028597587387378,0.836633104506072,-1.5316118080117085,0.0383378414298734,3.939029654426165,3.981658318626823
331,1.3783034715229037,0.1128760312487349,1.5255709936626447,0.7713835534143925,0.4098107118577943,-1.2337732583074232,0.0009455531200589,-1.7156345296226103,4.28765267749167,4.181379214006004
323,-1.278168356752057,-1.7034041870215382,1.0628357452746524,1.564590038433999,0.0280536486631439,-0.8445675332994379,-1.268520251275146,1.198803098331472,3.555129252825124,3.5876200280030317
680,0.7024064942949869,0.5469605753847976,0.3040378380105079,0.5042650066710329,-1.190187763087868,-1.649649234525455,-1.6715589309049457,0.7209491093114165,5.154728638742635,5.0006600045851455
478,-0.8645546021796318,0.7069639870317714,0.4156180270939257,-0.9979711937415736,1.507121294235208,-1.3609228409757068,1.2796259132984322,1.6565506225765292,3.342501487830609,3.2517507784304365
561,-0.5256533810632597,0.6007693318929109,1.5043583256966844,-1.389581250777128,-0.6662152093104435,0.4155316732905003,1.1655503287463984,1.32295229422456,3.460454733058424,3.3726459627542575
135,1.5857670327145117,-0.8185227905026734,0.4349611783839584,0.2002859383288368,-1.677934018116584,0.051769150014778,-0.1999187669009417,1.7185276053733618,4.830611587300999,4.634803966795891
506,0.1941728137067331,0.6084193148674597,0.4236603525738471,0.2128742114685598,0.0262327830927085,-1.183650360260237,1.1585452341765732,0.5115654380230206,3.8934060204871512,3.849975560275568
513,0.5489166823773362,-0.1276799638731288,-0.6281213625102166,1.690562351607185,0.2290800108497411,1.156326328318361,0.6696375202844091,0.0771884169705081,3.3063387569892124,3.2303535773389354
1371,1.2035517039475607,-0.2114335281967037,0.0618132167073109,-0.2348181197377604,-1.298779300192808,-0.9795367098290646,-1.3270892232737277,1.2673438326972766,4.663360531051114,4.918930878343568
435,-1.0259413226113037,-0.5834381765330781,0.3162905991872335,-0.4764698220464856,-0.2097304296021187,-0.2724702446186961,-0.7259779424360006,1.2259027442570585,3.3897771826519305,3.514768866647768
873,1.148329850926123,0.5777748239024936,0.0333131764523144,0.3325859291672483,-1.287103695196547,1.0445958007144045,0.0571036174728259,0.0029057030654253,3.807566158244586,3.9431178972240892
1462,1.026433443840047,-1.3462012466510744,-1.435828862568124,-1.503290451645527,0.0850512917553092,1.0270785238412277,1.032350865685096,-0.0257020898901926,3.416939189575245,3.4086155159217686
752,0.7000800435497131,-0.0701018793291037,1.2748796967915037,-0.7002197641143469,0.2216383141011091,0.6577787809627323,-0.7744762594447936,0.8642071505191374,3.4113883466114467,3.590945379373904
665,-0.882278041944966,-1.5578043411954678,1.2470110409876125,0.0860446633842367,-1.0108999244459531,0.8865201537925177,0.5701543555969213,0.7514756520162271,3.2006239366544618,3.3109853478636255
158,-1.5542530550493263,-0.296122054424753,0.1974840216038809,1.1219778197111248,0.5204716924287298,-0.9606614695042944,1.2100902069725008,-0.6579856710300974,3.015459439939788,3.1925813096940625
1253,0.5425251668966428,-0.0170979730642919,0.7549194011368098,-1.6512399849798165,-0.3323734498083713,0.522976284088496,-0.3026337049611577,-1.7056504951684983,3.628655687484266,3.6667810061825725
1292,0.9077153378923588,0.3854748847452866,-0.0625610235041077,-0.8175762297774499,0.182907044604805,-0.7199630218061884,0.8104090256129811,-1.6655537367279325,3.9338445304488303,3.8513543061779427
575,-1.665382537274327,0.8300308427676448,0.1689899995404181,1.5105053865562617,-0.2188807130591685,0.497895532527592,1.7068275155098045,-0.5405877964513176,2.936716968719055,2.907007823908223
352,1.397561336202629,1.6367199106468755,1.551993958943324,-0.1237924865263097,0.3580447893633489,-1.149649505246638,0.5570314629254587,0.7364070389075171,4.006174255315377,4.131231468045257
937,1.7155368012037433,0.3418638984972166,0.3333677416132078,1.1898757877684671,0.2830887689711804,1.5814768023501078,-1.1003761468292528,0.0534717765531911,3.420904354726111,3.6184650895649217
1295,0.3754960956486248,-0.3943587805306425,0.2539103866018575,-1.5230558650460229,-1.2584273247416748,0.0754739846709867,-0.4907812789669013,-1.5585108468669178,4.004736777674206,4.089528695424313
1392,-1.1977846202118094,-0.8023327403634066,0.1783801649093769,-0.4997828864999397,0.3343395771439626,0.870445347272458,1.1144691287009876,-1.023736698165283,2.801171192246528,2.880117171861196
1300,-0.4371826601355276,0.7295570879257778,-0.5674017332809048,-1.0476082394219248,-0.7850852744199378,0.743271656890335,1.043126907455585,0.8977984879648905,3.182312566597949,3.327498973384349
591,0.9322314050434009,-1.096399923352421,-0.0006375464418044,-1.1315569353548034,0.9570676919186676,0.9245071942689894,0.5088970185159452,1.5036608735131316,3.3397355839389697,3.2590209937937096
664,-0.7597705420918615,-1.6563154676170395,-1.136101984788486,-1.0850620143072445,0.1527145602388755,-0.7511934283576748,0.4243656342991258,-0.3013363151957002,3.441420415880686,3.5116355561882036
195,0.516080103043432,-1.0436567114438418,1.5238873640654813,-0.7601941905465465,-1.5121671600132272,-0.9987749285667572,-1.065008955091899,-0.4478550772290794,4.460439298688705,4.760628229945841
1240,0.5526425495285499,-0.1487187083796972,-0.3847168444244567,-0.631479709256113,-0.9892003215208836,-1.2382232580316632,0.8967378202815702,-1.4468642559244993,4.302727062827359,4.343240318226252
1048,-0.1852079541380779,-0.9668149703499652,-0.8303003296670134,-0.8110281219320001,-0.9798237778622968,-0.2106201058662645,1.6595178125346304,1.4064691711284878,3.508612917321001,3.6604374501917687
